Id	Authors	Year	Title	Journal	Doi	Url
0	Chutinimitkul, Salin;van Riel, Debby;Munster, Vincent J.;van den Brand, Judith M. A.;Rimmelzwaan, Guus F.;Kuiken, Thijs;Osterhaus, Albert D. M. E.;Fouchier, Ron A. M.;de Wit, Emmie	2010	 In Vitro Assessment of Attachment Pattern and Replication Efficiency of H5N1 Influenza A Viruses with Altered Receptor Specificity 	Journal of Virology	10.1128/jvi.02737-09	
1	McCown, Matthew F.;Pekosz, Andrew	2005	 The Influenza A Virus M 2 Cytoplasmic Tail Is Required for Infectious Virus Production and Efficient Genome Packaging 	Journal of Virology	10.1128/jvi.79.6.3595-3605.2005	
2	Sorrell, Erin M.;Song, Haichen;Pena, Lindomar;Perez, Daniel R.	2010	A 27-Amino-Acid Deletion in the Neuraminidase Stalk Supports Replication of an Avian H2N2 Influenza A Virus in the Respiratory Tract of Chickens	Journal of Virology	10.1128/jvi.01460-10	
3	Dundon, William G.;Capua, Ilaria	2009	A closer look at the NS1 of influenza virus	Viruses	10.3390/v1031057	
4	Lan, Yu;Zhang, Ye;Dong, Libo;Wang, Dayan;Huang, Weijuan;Xin, Li;Yang, Limei;Zhao, Xiang;Li, Zi;Wang, Wei;Li, Xiyan;Xu, Cuilin;Yang, Lei;Guo, Junfeng;Wang, Min;Peng, Yousong;Gao, Yan;Guo, Yuanji;Wen, Leying;Jiang, Taijiao;Shu, Yuelong	2010	A comprehensive surveillance of adamantane resistance among human influenza A virus isolated from mainland China between 1956 and 2009	Antiviral Therapy	10.3851/IMP1656	
5	Wang, Ben X.;Wei, Lianhu;Kotra, Lakshmi P.;Brown, Earl G.;Fish, Eleanor N.	2017	A conserved residue, tyrosine (Y) 84, in H5N1 influenza a virus NS1 regulates IFN signaling responses to enhance viral infection	Viruses	10.3390/v9050107	
6	Tong, Suxiang;Li, Yan;Rivailler, Pierre;Conrardy, Christina;Alvarez Castillo, Danilo A.;Chen, Li Mei;Recuenco, Sergio;Ellison, James A.;Davis, Charles T.;York, Ian A.;Turmelle, Amy S.;Moran, David;Rogers, Shannon;Shi, Mang;Tao, Ying;Weil, Michael R.;Tang, Kevin;Rowe, Lori A.;Sammons, Scott;Xu, Xiyan;Frace, Michael;Lindblade, Kim A.;Cox, Nancy J.;Anderson, Larry J.;Rupprecht, Charles E.;Donis, Ruben O.	2012	A distinct lineage of influenza A virus from bats	Proceedings of the National Academy of Sciences of the United States of America	10.1073/pnas.1116200109	
7	Wessels, Ute;Abdelwhab, Elsayed M.;Veits, Jutta;Hoffmann, Donata;Mamerow, Svenja;Stech, Olga;Hellert, Jan;Beer, Martin;Mettenleiter, Thomas C.;Stech, Jürgen	2018	A Dual Motif in the Hemagglutinin of H5N1 Goose/Guangdong-Like Highly Pathogenic Avian Influenza Virus Strains Is Conserved from Their Early Evolution and Increases both Membrane Fusion pH and Virulence	Journal of Virology	10.1128/jvi.00778-18	
8	Munier, S.;Larcher, T.;Cormier-Aline, F.;Soubieux, D.;Su, B.;Guigand, L.;Labrosse, B.;Cherel, Y.;Quéré, P.;Marc, D.;Naffakh, N.	2010	A Genetically Engineered Waterfowl Influenza Virus with a Deletion in the Stalk of the Neuraminidase Has Increased Virulence for Chickens	Journal of Virology	10.1128/jvi.01581-09	
9	Zhang, Heng;De Vries, Robert P.;Tzarum, Netanel;Zhu, Xueyong;Yu, Wenli;McBride, Ryan;Paulson, James C.;Wilson, Ian A.	2015	A human-infecting H10N8 influenza virus retains a strong preference for avian-type receptors	Cell Host and Microbe	10.1016/j.chom.2015.02.006	
10	Shinya, Kyoko;Makino, Akiko;Hatta, Masato;Watanabe, Shinji;Kim, Jin Hyun;Kawaoka, Yoshihiro	2010	A mutation in H5 haemagglutinin that conferred human receptor recognition is not maintained stably during duck passage	Journal of General Virology	10.1099/vir.0.018572-0	
11	Jackson, David;Hossain, Md Jaber;Hickman, Danielle;Perez, Daniel R.;Lamb, Robert A.	2008	A new influenza virus virulence determinant: The NS1 protein four C-terminal residues modulate pathogenicity	Proceedings of the National Academy of Sciences of the United States of America	10.1073/pnas.0800482105	
12	Kode, Sadhana S.;Pawar, Shailesh D.;Tare, Deeksha S.;Keng, Sachin S.;Hurt, Aeron C.;Mullick, Jayati	2019	A novel I117T substitution in neuraminidase of highly pathogenic avian influenza H5N1 virus conferring reduced susceptibility to oseltamivir and zanamivir	Veterinary Microbiology	10.1016/j.vetmic.2019.06.005	
13	Chen, Weisan;Calvo, Paul A.;Malide, Daniela;Gibbs, James;Schubert, Ulrich;Bacik, Igor;Basta, Sameh;O'Neill, Robert;Schickli, Jeanne;Palese, Peter;Henklein, Peter;Bennink, Jack R.;Yewdell, Jonathan W.	2001	A novel influenza A virus mitochondrial protein that induces cell death	Nature Medicine	10.1038/nm1201-1306	
14	Kamiki, Haruhiko;Matsugo, Hiromichi;Kobayashi, Tomoya;Ishida, Hiroho;Takenaka-Uema, Akiko;Murakami, Shin;Horimoto, Taisuke	2018	A PB1-K577E mutation in H9N2 influenza virus increases polymerase activity and pathogenicity in mice	Viruses	10.3390/v10110653	
15	Zhang, Yi;Sun, Yipeng;Sun, Honglei;Pu, Juan;Bi, Yuhai;Shi, Yi;Lu, Xishan;Li, Jing;Zhu, Qingyu;Gao, George F.;Yang, Hanchun;Liu, Jinhua	2012	A Single Amino Acid at the Hemagglutinin Cleavage Site Contributes to the Pathogenicity and Neurovirulence of H5N1 Influenza Virus in Mice	Journal of Virology	10.1128/jvi.07142-11	
16	Nao, Naganori;Kajihara, Masahiro;Manzoor, Rashid;Maruyama, Junki;Yoshida, Reiko;Muramatsu, Mieko;Miyamoto, Hiroko;Igarashi, Manabu;Eguchi, Nao;Sato, Masahiro;Kondoh, Tatsunari;Okamatsu, Masatoshi;Sakoda, Yoshihiro;Kida, Hiroshi;Takada, Ayato	2015	A single amino acid in the M1 protein responsible for the different pathogenic potentials of H5N1 highly pathogenic avian influenza virus strains	PLoS ONE	10.1371/journal.pone.0137989	
17	Subbarao, E K;London, W;Murphy, B R	1993	A single amino acid in the PB2 gene of influenza A virus is a determinant of host range	Journal of Virology	10.1128/jvi.67.4.1761-1764.1993	
18	Glaser, Laurel;Stevens, James;Zamarin, Dmitriy;Wilson, Ian A.;García-Sastre, Adolfo;Tumpey, Terrence M.;Basler, Christopher F.;Taubenberger, Jeffery K.;Palese, Peter	2005	A Single Amino Acid Substitution in 1918 Influenza Virus Hemagglutinin Changes Receptor Binding Specificity	Journal of Virology	10.1128/jvi.79.17.11533-11536.2005	
19	Ayllon, Juan;Domingues, Patricia;Rajsbaum, Ricardo;Miorin, Lisa;Schmolke, Mirco;Hale, Benjamin G.;García-Sastre, Adolfo	2014	A Single Amino Acid Substitution in the Novel H7N9 Influenza A Virus NS1 Protein Increases CPSF30 Binding and Virulence	Journal of Virology	10.1128/jvi.01567-14	
20	Teng, Qiaoyang;Xu, Dawei;Shen, Weixia;Liu, Qinfang;Rong, Guangyu;Li, Xuesong;Yan, Liping;Yang, Jianmei;Chen, Hongjun;Yu, Hai;Ma, Wenjun;Li, Zejun	2016	A Single Mutation at Position 190 in Hemagglutinin Enhances Binding Affinity for Human Type Sialic Acid Receptor and Replication of H9N2 Avian Influenza Virus in Mice	Journal of Virology	10.1128/jvi.01141-16	
21	Vries, Robert P;Tzarum, Netanel;Peng, Wenjie;Thompson, Andrew J;Ambepitiya Wickramasinghe, Iresha N;Pena, Alba T Torrents;van Breemen, Marielle J;Bouwman, Kim M;Zhu, Xueyong;McBride, Ryan;Yu, Wenli;Sanders, Rogier W;Verheije, Monique H;Wilson, Ian A;Paulson, James C	2017	A single mutation in Taiwanese H6N1 influenza hemagglutinin switches binding to human‐type receptors	EMBO Molecular Medicine	10.15252/emmm.201707726	
22	Conenello, Gina M.;Zamarin, Dmitriy;Perrone, Lucy A.;Tumpey, Terrence;Palese, Peter	2007	A single mutation in the PB1-F2 of H5N1 (HK/97) and 1918 influenza A viruses contributes to increased virulence	PLoS Pathogens	10.1371/journal.ppat.0030141	
23	Jin, Fang;Dong, Xiaomei;Wan, Zhimin;Ren, Dan;Liu, Min;Geng, Tuoyu;Zhang, Jianjun;Gao, Wei;Shao, Hongxia;Qin, Aijian;Ye, Jianqiang	2019	A single mutation n166d in hemagglutinin affects antigenicity and pathogenesis of h9n2 avian influenza virus	Viruses	10.3390/v11080709	
24	Wasilenko, Jamie L.;Sarmento, Luciana;Pantin-Jackwood, Mary J.	2009	A single substitution in amino acid 184 of the NP protein alters the replication and pathogenicity of H5N1 avian influenza viruses in chickens	Archives of Virology	10.1007/s00705-009-0399-4	
25	Fornek, Jamie L.;Gillim-Ross, Laura;Santos, Celia;Carter, Victoria;Ward, Jerrold M.;Cheng, Lily I.;Proll, Sean;Katze, Michael G.;Subbarao, Kanta	2009	A Single-Amino-Acid Substitution in a Polymerase Protein of an H5N1 Influenza Virus Is Associated with Systemic Infection and Impaired T-Cell Activation in Mice	Journal of Virology	10.1128/jvi.00994-09	
26	Jiao, Peirong;Tian, Guobin;Li, Yanbing;Deng, Guohua;Jiang, Yongping;Liu, Chang;Liu, Weilong;Bu, Zhigao;Kawaoka, Yoshihiro;Chen, Hualan	2008	A Single-Amino-Acid Substitution in the NS1 Protein Changes the Pathogenicity of H5N1 Avian Influenza Viruses in Mice	Journal of Virology	10.1128/jvi.01698-07	
27	Bercovich-Kinori, Adi;Tai, Julie;Gelbart, Idit Anna;Shitrit, Alina;Ben-Moshe, Shani;Drori, Yaron;Itzkovitz, Shalev;Mandelboim, Michal;Stern-Ginossar, Noam	2016	A systematic view on influenza induced host shutoff	eLife	10.7554/eLife.18311	
28	Plotch, Stephen J.;Bouloy, Michele;Ulmanen, Ismo;Krug, Robert M.	1981	A unique cap(m7GpppXm)-dependent influenza virion endonuclease cleaves capped RNAs to generate the primers that initiate viral RNA transcription	Cell	10.1016/0092-8674(81)90449-9	
29	Mallman, I.;Fuchs, R.;Helenius, A.	1986	Acidification of the endocytic and exocytic pathways	Annual Review of Biochemistry	10.1146/annurev.biochem.55.1.663	
30	Russell, Charles J.	2014	Acid-induced membrane fusion by the hemagglutinin protein and its role in influenza virus biology	Current Topics in Microbiology and Immunology	10.1007/82_2014_393	
31	Watanabe, Yohei;Ibrahim, Madiha S.;Ellakany, Hany F.;Kawashita, Norihito;Mizuike, Rika;Hiramatsu, Hiroaki;Sriwilaijaroen, Nogluk;Takagi, Tatsuya;Suzuki, Yasuo;Ikuta, Kazuyoshi	2011	Acquisition of human-type receptor binding specificity by new H5N1 influenza virus sublineages during their emergence in birds in Egypt	PLoS Pathogens	10.1371/journal.ppat.1002068	
32	Dong, Guoying;Peng, Chao;Luo, Jing;Wang, Chengmin;Han, Le;Wu, Bin;Ji, Guangju;He, Hongxuan	2015	Adamantane-resistant influenza a viruses in the world (1902-2013): Frequency and distribution of M2 gene mutations	PLoS ONE	10.1371/journal.pone.0119115	
33	Wang, Fei;Qi, Jianxun;Bi, Yuhai;Zhang, Wei;Wang, Min;Zhang, Baorong;Wang, Ming;Liu, Jinhua;Yan, Jinghua;Shi, Yi;Gao, George F	2015	Adaptation of avian influenza A (H6N1) virus from avian to human receptor‐binding preference	The EMBO Journal	10.15252/embj.201590960	
34	Mänz, Benjamin;Schwemmle, Martin;Brunotte, Linda	2013	Adaptation of Avian Influenza A Virus Polymerase in Mammals To Overcome the Host Species Barrier	Journal of Virology	10.1128/jvi.00980-13	
35	Sang, Xiaoyu;Wang, Airong;Ding, Jie;Kong, Huihui;Gao, Xiaolong;Li, Lin;Chai, Tongjie;Li, Yuanguo;Zhang, Kun;Wang, Chengyu;Wan, Zhonghai;Huang, Geng;Wang, Tiecheng;Feng, Na;Zheng, Xuexing;Wang, Hualei;Zhao, Yongkun;Yang, Songtao;Qian, Jun;Hu, Guixue;Gao, Yuwei;Xia, Xianzhu	2015	Adaptation of H9N2 AIV in Guinea pigs enables efficient transmission by direct contact and inefficient transmission by respiratory droplets	Scientific Reports	10.1038/srep15928	
36	Dortmans, J. C.F.M.;Dekkers, J.;Ambepitiya Wickramasinghe, I. N.;Verheije, M. H.;Rottier, P. J.M.;Van Kuppeveld, F. J.M.;De Vries, E.;De Haan, C. A.M.	2013	Adaptation of novel H7N9 influenza A virus to human receptors	Scientific Reports	10.1038/srep03058	
37	Selman, Mohammed;Dankar, Samar K.;Forbes, Nicole E.;Jia, Jian Jun;Brown, Earl G.	2012	Adaptive mutation in influenza A virus non-structural gene is linked to host switching and induces a novel protein by alternative splicing	Emerging Microbes and Infections	10.1038/emi.2012.38	
38	Mänz, Benjamin;Brunotte, Linda;Reuther, Peter;Schwemmle, Martin	2012	Adaptive mutations in NEP compensate for defective H5N1 RNA replication in cultured human cells	Nature Communications	10.1038/ncomms1804	
39	Gabriel, Gülsah;Czudai-Matwich, Volker;Klenk, Hans Dieter	2013	Adaptive mutations in the H5N1 polymerase complex	Virus Research	10.1016/j.virusres.2013.05.010	
40	Reuther, Peter;Giese, Sebastian;Götz, Veronika;Kilb, Normann;Mänz, Benjamin;Brunotte, Linda;Schwemmle, Martin	2014	Adaptive Mutations in the Nuclear Export Protein of Human-Derived H5N1 Strains Facilitate a Polymerase Activity-Enhancing Conformation	Journal of Virology	10.1128/jvi.01495-13	
41	Park, Sehee;Il Kim, Jin;Lee, Ilseob;Bae, Joon Yong;Yoo, Kirim;Nam, Misun;Kim, Juwon;Sook Park, Mee;Song, Ki Joon;Song, Jin Won;Kee, Sun Ho;Park, Man Seong	2017	Adaptive mutations of neuraminidase stalk truncation and deglycosylation confer enhanced pathogenicity of influenza A viruses	Scientific Reports	10.1038/s41598-017-11348-0	
42	Herfst, Sander;Schrauwen, Eefje J.A.;Linster, Martin;Chutinimitkul, Salin;De Wit, Emmie;Munster, Vincent J.;Sorrell, Erin M.;Bestebroer, Theo M.;Burke, David F.;Smith, Derek J.;Rimmelzwaan, Guus F.;Osterhaus, Albert D.M.E.;Fouchier, Ron A.M.	2012	Airborne transmission of influenza A/H5N1 virus between ferrets	Science	10.1126/science.1213362	
43	He, Guimei;Qiao, Jian;Dong, Changgui;He, Cheng;Zhao, Lihong;Tian, Yong	2008	Amantadine-resistance among H5N1 avian influenza viruses isolated in Northern China	Antiviral Research	10.1016/j.antiviral.2007.08.007	
44	Wan, Hongquan;Perez, Daniel R.	2007	Amino Acid 226 in the Hemagglutinin of H9N2 Influenza Viruses Determines Cell Tropism and Replication in Human Airway Epithelial Cells	Journal of Virology	10.1128/jvi.02827-06	
45	Sun, Yipeng;Tan, Yuanyuan;Wei, Kai;Sun, Honglei;Shi, Yi;Pu, Juan;Yang, Hanchun;Gao, George F.;Yin, Yanbo;Feng, Wenhai;Perez, Daniel R.;Liu, Jinhua	2013	Amino Acid 316 of Hemagglutinin and the Neuraminidase Stalk Length Influence Virulence of H9N2 Influenza Virus in Chickens and Mice	Journal of Virology	10.1128/jvi.02688-12	
46	Reed, Mark L.;Yen, Hui-Ling;DuBois, Rebecca M.;Bridges, Olga A.;Salomon, Rachelle;Webster, Robert G.;Russell, Charles J.	2009	Amino Acid Residues in the Fusion Peptide Pocket Regulate the pH of Activation of the H5N1 Influenza Virus Hemagglutinin Protein	Journal of Virology	10.1128/jvi.02238-08	
47	Chen, Lin;Wang, Chengmin;Luo, Jing;Li, Meng;Liu, Huimin;Zhao, Na;Huang, Jingjing;Zhu, Xili;Ma, Guoyao;Yuan, Guohui;He, Hongxuan	2017	Amino acid substitution K470R in the nucleoprotein increases the virulence of H5N1 influenza A virus in mammals	Frontiers in Microbiology	10.3389/fmicb.2017.01308	
48	Mok, Chris Ka Pun;Lee, Horace Hok Yeung;Lestra, Maxime;Nicholls, John Malcolm;Chan, Michael Chi Wai;Sia, Sin Fun;Zhu, Huachen;Poon, Leo Lit Man;Guan, Yi;Peiris, Joseph Sriyal Malik	2014	Amino Acid Substitutions in Polymerase Basic Protein 2 Gene Contribute to the Pathogenicity of the Novel A/H7N9 Influenza Virus in Mammalian Hosts	Journal of Virology	10.1128/jvi.02740-13	
49	Hu, Meng;Chu, Hin;Zhang, Ke;Singh, Kailash;Li, Cun;Yuan, Shuofeng;Chow, Billy K.C.;Song, Wenjun;Zhou, Jie;Zheng, Bo Jian	2016	Amino acid substitutions V63I or A37S/I61T/V63I/V100A in the PA N-terminal domain increase the virulence of H7N7 influenza A virus	Scientific Reports	10.1038/srep37800	
50	Xu, Chen;Hu, Wei Bin;Xu, Ke;He, Yun Xia;Wang, Tong Yan;Chen, Ze;Li, Tian Xian;Liu, Jin Hua;Buchy, Philippe;Sun, Bing	2012	Amino acids 473v and 598p of PB1 from an avian-origin influenza A virus contribute to polymerase activity, especially in mammalian cells	Journal of General Virology	10.1099/vir.0.036434-0	
51	Auewarakul, Prasert;Suptawiwat, Ornpreya;Kongchanagul, Alita;Sangma, Chak;Suzuki, Yasuo;Ungchusak, Kumnuan;Louisirirotchanakul, Suda;Lerdsamran, Hatairat;Pooruk, Phisanu;Thitithanyanont, Arunee;Pittayawonganon, Chakrarat;Guo, Chao-Tan;Hiramatsu, Hiroaki;Jampangern, Wipawee;Chunsutthiwat, Supamit;Puthavathana, Pilaipan	2007	An Avian Influenza H5N1 Virus That Binds to a Human-Type Receptor	Journal of Virology	10.1128/jvi.00468-07	
52	Jagger, B. W.;Wise, H. M.;Kash, J. C.;Walters, K. A.;Wills, N. M.;Xiao, Y. L.;Dunfee, R. L.;Schwartzman, L. M.;Ozinsky, A.;Bell, G. L.;Dalton, R. M.;Lo, A.;Efstathiou, S.;Atkins, J. F.;Firth, A. E.;Taubenberger, J. K.;Digard, P.	2012	An overlapping protein-coding region in influenza A virus segment 3 modulates the host response	Science	10.1126/science.1222213	
53	Su, Yan;Yang, Huai Yi;Zhang, Bao Jiang;Jia, Hong Ling;Tien, Po	2008	Analysis of a point mutation in H5N1 avian influenza virus hemagglutinin in relation to virus entry into live mammalian cells	Archives of Virology	10.1007/s00705-008-0255-y	
54	Nguyen, Ha T.;Nguyen, Tung;Mishin, Vasiliy P.;Sleeman, Katrina;Balish, Amanda;Jones, Joyce;Creanga, Adrian;Marjuki, Henju;Uyeki, Timothy M.;Nguyen, Dang H.;Nguyen, Diep T.;Do, Hoa T.;Klimov, Alexander I.;Davis, Charles T.;Gubareva, Larisa V.	2013	Antiviral susceptibility of highly pathogenic avian influenza A(H5N1) viruses isolated from poultry, Vietnam, 2009-2011	Emerging Infectious Diseases	10.3201/eid1912.130705	
55	Hurt, Aeron C.;Lowther, Sue;Middleton, Deborah;Barr, Ian G.	2010	Assessing the development of oseltamivir and zanamivir resistance in A(H5N1) influenza viruses using a ferret model	Antiviral Research	10.1016/j.antiviral.2010.06.009	
56	Matrosovich, M. N.;Gambaryan, A. S.;Teneberg, S.;Piskarev, V. E.;Yamnikova, S. S.;Lvov, D. K.;Robertson, J. S.;Karlsson, K. A.	1997	Avian influenza A viruses differ from human viruses by recognition of sialyloligosaccharides and gangliosides and by a higher conservation of the HA receptor-binding site	Virology	10.1006/viro.1997.8580	
57	Bourret, V.	2018	Avian influenza viruses in pigs: An overview	Veterinary Journal	10.1016/j.tvjl.2018.07.005	
58	Song, Hao;Qi, Jianxun;Xiao, Haixia;Bi, Yuhai;Zhang, Wei;Xu, Ying;Wang, Fei;Shi, Yi;Gao, George F.	2017	Avian-to-Human Receptor-Binding Adaptation by Influenza A Virus Hemagglutinin H4	Cell Reports	10.1016/j.celrep.2017.07.028	
59	Mitnaul, Lyndon J.;Matrosovich, Mikhail N.;Castrucci, Maria R.;Tuzikov, Alexander B.;Bovin, Nikolai V.;Kobasa, Darwyn;Kawaoka, Yoshihiro	2000	Balanced Hemagglutinin and Neuraminidase Activities Are Critical for Efficient Replication of Influenza A Virus	Journal of Virology	10.1128/jvi.74.13.6015-6020.2000	
60	Wu, Ying;Wu, Yan;Tefsen, Boris;Shi, Yi;Gao, George F.	2014	Bat-derived influenza-like viruses H17N10 and H18N11	Trends in Microbiology	10.1016/j.tim.2014.01.010	
61	Bean, William J.;Threlkeld, Stephen C.;Webster, R. G.	1989	Biologic Potential of Amantadine-Resistant Influenza a Virus in an Avian Model	Journal of Infectious Diseases	10.1093/infdis/159.6.1050	
62	Shinya, Yamada;Hatta, Masato;Staker, Bart L.;Watanabe, Shinji;Imai, Masaki;Shinya, Kyoko;Sakai-Tagawa, Yuko;Ito, Mutsumi;Ozawa, Makoto;Watanabe, Tokiko;Sakabe, Saori;Li, Chengjun;Kim, Jin Hyun;Myler, Peter J.;Phan, Isabelle;Raymond, Amy;Smith, Eric;Stacy, Robin;Nidom, Chairul A.;Lank, Simon M.;Wiseman, Roger W.;Bimber, Benjamin N.;O'Connor, David H.;Neumann, Gabriele;Stewart, Lance J.;Kawaoka, Yoshihiro	2010	Biological and structural characterization of a host-adapting amino acid in influenza virus	PLoS Pathogens	10.1371/journal.ppat.1001034	
63	Zhu, W.;Zhou, J.;Li, Z.;Yang, L.;Li, X.;Huang, W.;Zou, S.;Chen, W.;Wei, H.;Tang, J.;Liu, L.;Dong, J.;Wang, D.;Shu, Yuelong	2017	Biological characterisation of the emerged highly pathogenic avian influenza (HPAI) A(H7N9) viruses in humans, in mainland China, 2016 to 2017	Eurosurveillance	10.2807/1560-7917.ES.2017.22.19.30533	
64	Gubareva, L V;Robinson, M J;Bethell, R C;Webster, R G	1997	Catalytic and framework mutations in the neuraminidase active site of influenza viruses that are resistant to 4-guanidino-Neu5Ac2en	Journal of Virology	10.1128/jvi.71.5.3385-3390.1997	
65	Yen, Hui Ling;Aldridge, Jerry R.;Boon, Adrianus C.M.;Ilyushina, Natalia A.;Salomon, Rachelle;Hulse-Post, Diane J.;Marjuki, Henju;Franks, John;Boltz, David A.;Bush, Dorothy;Lipatov, Aleksandr S.;Webby, Richard J.;Rehg, Jerold E.;Webster, Robert G.	2009	Changes in H5N1 influenza virus hemagglutinin receptor binding domain affect systemic spread	Proceedings of the National Academy of Sciences of the United States of America	10.1073/pnas.0811052106	
66	Bi, Yuhai;Xiao, Haixia;Chen, Quanjiao;Wu, Yan;Fu, Lifeng;Quan, Chuansong;Wong, Gary;Liu, Jun;Haywood, Joel;Liu, Yingxia;Zhou, Boping;Yan, Jinghua;Liu, Wenjun;Gao, George F.	2016	Changes in the Length of the Neuraminidase Stalk Region Impact H7N9 Virulence in Mice	Journal of Virology	10.1128/jvi.02553-15	
67	Bodewes, Rogier;Kuiken, Thijs	2018	Changing Role of Wild Birds in the Epidemiology of Avian Influenza A Viruses	Advances in Virus Research	10.1016/bs.aivir.2017.10.007	
68	Carr, Simon M.;Carnero, Elena;García-Sastre, Adolfo;Brownlee, George G.;Fodor, Ervin	2006	Characterization of a mitochondrial-targeting signal in the PB2 protein of influenza viruses	Virology	10.1016/j.virol.2005.08.041	
69	Subbarao, Kanta;Klimov, Alexander;Katz, Jacqueline;Regnery, Helen;Lim, Wilina;Hall, Henrietta;Perdue, Michael;Swayne, David;Bender, Catherine;Huang, Jing;Hemphill, Mark;Rowe, Thomas;Shaw, Michael;Xu, Xiyan;Fukuda, Keiji;Cox, Nancy	1998	Characterization of an avian influenza A (H5N1) virus isolated from a child with a fatal respiratory illness	Science	10.1126/science.279.5349.393	
70	Marjuki, Henju;Mishin, Vasiliy P.;Chesnokov, Anton P.;Jones, Joyce;De La Cruz, Juan A.;Sleeman, Katrina;Tamura, Daisuke;Nguyen, Ha T.;Wu, Ho Sheng;Chang, Feng Yee;Liu, Ming Tsan;Fry, Alicia M.;Cox, Nancy J.;Villanueva, Julie M.;Davis, Charles T.;Gubareva, Larisa V.	2015	Characterization of drug-resistant influenza a(H7N9) variants isolated from an oseltamivir-treated patient in Taiwan	Journal of Infectious Diseases	10.1093/infdis/jiu447	
71	Kimble, Brian;Nieto, Gloria Ramirez;Perez, Daniel R.	2010	Characterization of influenza virus sialic acid receptors in minor poultry species	Virology Journal	10.1186/1743-422X-7-365	
72	Palese, Peter;Tobita, Kiyotake;Ueda, Masahiro;Compans, Richard W.	1974	Characterization of temperature sensitive influenza virus mutants defective in neuraminidase	Virology	10.1016/0042-6822(74)90276-1	
73	Holmes, Edward C.;Lipman, David J.;Zamarin, Dmitriy;Yewdell, Jonathan W.	2006	Comment on "Large-scale sequence analysis of avian influenza isolates".	Science	10.1126/science.1131729	
74	Abdelwhab, E. M.;Veits, Jutta;Ulrich, Reiner;Kasbohm, Elisa;Teifke, Jens P.;Mettenleiter, Thomas C.	2016	Composition of the Hemagglutinin Polybasic Proteolytic Cleavage Motif Mediates Variable Virulence of H7N7 Avian Influenza Viruses	Scientific Reports	10.1038/srep39505	
75	Leung, Bo Wah;Chen, Hualan;Brownlee, George G.	2010	Correlation between polymerase activity and pathogenicity in two duck H5N1 influenza viruses suggests that the polymerase contributes to pathogenicity	Virology	10.1016/j.virol.2010.01.036	
76	Shimizu, Teppei;Takizawa, Naoki;Watanabe, Ken;Nagata, Kyosuke;Kobayashi, Nobuyuki	2011	Crucial role of the influenza virus NS2 (NEP) C-terminal domain in M1 binding and nuclear export of vRNP	FEBS Letters	10.1016/j.febslet.2010.11.017	
77	Chang, Shenghai;Sun, Dapeng;Liang, Huanhuan;Wang, Jia;Li, Jun;Guo, Lu;Wang, Xiangli;Guan, Chengcheng;Boruah, Bhargavi M.;Yuan, Lingmin;Feng, Feng;Yang, Mingrui;Wang, Lulan;Wang, Yao;Wojdyla, Justyna;Li, Lanjuan;Wang, Jiawei;Wang, Meitian;Cheng, Genhong;Wang, Hong Wei;Liu, Yingfang	2015	Cryo-EM Structure of Influenza Virus RNA Polymerase Complex at 4.3Å Resolution	Molecular Cell	10.1016/j.molcel.2014.12.031	
78	Kong, Weili;Liu, Lirong;Wang, Yu;He, Qiming;Wu, Sizhe;Qin, Zhihua;Wang, Jinliang;Sun, Honglei;Sun, Yipeng;Zhang, Rui;Pu, Juan;Liu, Jinhua	2015	C-terminal elongation of NS1 of H9N2 influenza virus induces a high level of inflammatory cytokines and increases transmission	Journal of General Virology	10.1099/vir.0.071001-0	
79	Soubies, Sébastien M.;Hoffmann, Thomas W.;Croville, Guillaume;Larcher, Thibaut;Ledevin, Mireille;Soubieux, Denis;Quéré, Pascale;Guérin, Jean Luc;Marc, Daniel;Volmer, Romain	2013	Deletion of the C-terminal ESEV domain of NS1 does not affect the replication of a low-pathogenic avian influenza virus H7N1 in ducks and chickens	Journal of General Virology	10.1099/vir.0.045153-0	
80	Ilyushina, Natalia A.;Govorkova, Elena A.;Webster, Robert G.	2005	Detection of amantadine-resistant variants among avian influenza viruses isolated in North America and Asia	Virology	10.1016/j.virol.2005.07.003	
81	Schmolke, Mirco;Manicassamy, Balaji;Pena, Lindomar;Sutton, Troy;Hai, Rong;Varga, Zsuzsanna T.;Hale, Benjamin G.;Steel, John;Pérez, Daniel R.;García-Sastre, Adolfo	2011	Differential contribution of pb1-f2 to the virulence of highly pathogenic h5n1 influenza a virus in mammalian and avian species	PLoS Pathogens	10.1371/journal.ppat.1002186	
82	Chen, Chi-Jene;Chen, Guang-Wu;Wang, Ching-Ho;Huang, Chih-Heng;Wang, Yeau-Ching;Shih, Shin-Ru	2010	Differential Localization and Function of PB1-F2 Derived from Different Strains of Influenza A Virus	Journal of Virology	10.1128/jvi.00592-10	
83	Gabriel, G.;Abram, M.;Keiner, B.;Wagner, R.;Klenk, H.-D.;Stech, J.	2007	Differential Polymerase Activity in Avian and Mammalian Cells Determines Host Range of Influenza Virus	Journal of Virology	10.1128/jvi.00666-07	
84	Cheung, Chung Lam;Rayner, Jane M.;Smith, Gavin J.D.;Wang, Pui;Naipospos, T. S.P.;Zhang, Jinxia;Yuen, Kwok Yung;Webster, Robert G.;Peiris, J. S.Malik;Guan, Yi;Chen, Honglin	2006	Distribution of amantadine-resistant H5N1 avian influenza variants in Asia	Journal of Infectious Diseases	10.1086/504723	
85	Costa, Taiana;Chaves, Aida J.;Valle, Rosa;Darji, Ayub;van Riel, Debby;Kuiken, Thijs;Majó, Natàlia;Ramis, Antonio	2012	Distribution patterns of influenza virus receptors and viral attachment patterns in the respiratory and intestinal tracts of seven avian species.	Veterinary research	10.1186/1297-9716-43-28	
86	Gubareva, Larisa V.;Sleeman, Katrina;Guo, Zhu;Yang, Hua;Hodges, Erin;Davis, Charles T.;Baranovich, Tatiana;Stevens, James	2017	Drug susceptibility evaluation of an influenza a(h7n9) virus by analyzing recombinant neuraminidase proteins	Journal of Infectious Diseases	10.1093/infdis/jiw625	
87	Matrosovich, Mikhail;Tuzikov, Alexander;Bovin, Nikolai;Gambaryan, Alexandra;Klimov, Alexander;Castrucci, Maria R.;Donatelli, Isabella;Kawaoka, Yoshihiro	2000	Early Alterations of the Receptor-Binding Properties of H1, H2, and H3 Avian Influenza Virus Hemagglutinins after Their Introduction into Mammals	Journal of Virology	10.1128/jvi.74.18.8502-8512.2000	
88	Bui, M;Whittaker, G;Helenius, A	1996	Effect of M1 protein and low pH on nuclear transport of influenza virus ribonucleoproteins	Journal of Virology	10.1128/jvi.70.12.8391-8401.1996	
89	Ilyushina, Natalia A.;Seiler, Jon P.;Rehg, Jerold E.;Webster, Robert G.;Govorkova, Elena A.	2010	Effect of neuraminidase inhibitor-resistant mutationson pathogenicity of clade 2.2 A/Turkey/15/06 (H5N1) influenza virus in Ferrets	PLoS Pathogens	10.1371/journal.ppat.1000933	
90	Maines, Taronna R.;Chen, Li Mei;Van Hoeven, Neal;Tumpey, Terrence M.;Blixt, Ola;Belser, Jessica A.;Gustin, Kortney M.;Pearce, Melissa B.;Pappas, Claudia;Stevens, James;Cox, Nancy J.;Paulson, James C.;Raman, Rahul;Sasisekharan, Ram;Katz, Jacqueline M.;Donis, Ruben O.	2011	Effect of receptor binding domain mutations on receptor binding and transmissibility of avian influenza H5N1 viruses	Virology	10.1016/j.virol.2011.02.015	
91	Govorkova, Elena A.;Ilyushina, Natalia A.;Boltz, David A.;Douglas, Alan;Yilmaz, Neziha;Webster, Robert G.	2007	Efficacy of oseltamivir therapy in ferrets inoculated with different clades of H5N1 influenza virus	Antimicrobial Agents and Chemotherapy	10.1128/AAC.01312-06	
92	Li, Jinling;Dohna, Heinrich Zu;Cardona, Carol J.;Miller, Joy;Carpenter, Tim E.	2011	Emergence and genetic variation of neuraminidase stalk deletions in avian influenza viruses	PLoS ONE	10.1371/journal.pone.0014722	
93	Tada, Tatsuya;Suzuki, Koutaro;Sakurai, Yu;Kubo, Masanori;Okada, Hironao;Itoh, Toshihiro;Tsukamoto, Kenji	2011	Emergence of Avian Influenza Viruses with Enhanced Transcription Activity by a Single Amino Acid Substitution in the Nucleoprotein during Replication in Chicken Brains	Journal of Virology	10.1128/jvi.00605-11	
94	Boltz, David A.;Douangngeun, Bounlom;Phommachanh, Phouvong;Sinthasak, Settha;Mondry, Ricarda;Obert, Caroline;Seiler, Patrick;Keating, Rachael;Suzuki, Yasuo;Hiramatsu, Hiroaki;Govorkova, Elena A.;Webster, Robert G.	2010	Emergence of H5N1 avian influenza viruses with reduced sensitivity to neuraminidase inhibitors and novel reassortants in Lao People's Democratic Republic	Journal of General Virology	10.1099/vir.0.017459-0	
95	Kamal, Ram P.;Kumar, Amrita;Davis, Charles T.;Tzeng, Wen-Pin;Nguyen, Tung;Donis, Ruben O.;Katz, Jacqueline M.;York, Ian A.	2015	Emergence of Highly Pathogenic Avian Influenza A(H5N1) Virus PB1-F2 Variants and Their Virulence in BALB/c Mice	Journal of Virology	10.1128/jvi.03137-14	
96	Vijaykrishna, Dhanasekaran;Deng, Yi Mo;Grau, Miguel L.;Kay, Matthew;Suttie, Annika;Horwood, Paul F.;Kalpravidh, Wantanee;Claes, Filip;Osbjer, Kristina;Dussart, Phillipe;Barr, Ian G.;Karlsson, Erik A.	2019	Emergence of influenza A(H7N4) virus, Cambodia	Emerging Infectious Diseases	10.3201/eid2510.190506	https://doi.org/10.3201/eid2510.190506
97	Paterson, Duncan;Fodor, Ervin	2012	Emerging Roles for the Influenza A Virus Nuclear Export Protein (NEP)	PLoS Pathogens	10.1371/journal.ppat.1003019	
98	Peng, Wenjie;Bouwman, Kim M.;McBride, Ryan;Grant, Oliver C.;Woods, Robert J.;Verheije, Monique H.;Paulson, James C.;de Vries, Robert P.	2018	Enhanced Human-Type Receptor Binding by Ferret-Transmissible H5N1 with a K193T Mutation	Journal of Virology	10.1128/jvi.02016-17	
99	Yamayoshi, Seiya;Kiso, Maki;Yasuhara, Atsuhiro;Ito, Mutsumi;Shu, Yuelong;Kawaoka, Yoshihiro	2018	Enhanced replication of highly pathogenic influenza A(H7N9) virus in humans	Emerging Infectious Diseases	10.3201/eid2404.171509	
100	Järhult, Josef D.	2018	Environmental resistance development to influenza antivirals: A case exemplifying the need for a multidisciplinary One Health approach including physicians	Acta Veterinaria Scandinavica	10.1186/s13028-018-0360-1	
101	Chen, Li Mei;Blixt, Ola;Stevens, James;Lipatov, Aleksandr S.;Davis, Charles T.;Collins, Brian E.;Cox, Nancy J.;Paulson, James C.;Donis, Ruben O.	2012	Erratum to "In vitro evolution of H5N1 avian influenza virus toward human-type receptor specificity" [Virology 422 (2011) 105-113]	Virology	10.1016/j.virol.2011.12.014	
102	Le, Q. Mai;Kiso, Maki;Someya, Kazuhiko;Sakai, Yuko T.;Nguyen, T. Hien;Nguyen, Khan H.L.;Pham, N. Dinh;Ngyen, Ha H.;Yamada, Shinya;Muramoto, Yukiko;Horimoto, Taisuke;Takada, Ayato;Goto, Hideo;Suzuki, Takashi;Suzuki, Yasuo;Kawaoka, Yoshihiro	2005	Erratum: Avian flu: Isolation of drug-resistant H5N1 virus (Nature (2005) 437 (1108))	Nature	10.1038/438754b	
103	Mertens, Eva;Dugan, Vivien G.;Stockwell, Timothy B.;Lindsay, Le Ann L.;Plancarte, Magdalena;Boyce, Walter M.	2013	Evaluation of phenotypic markers in full genome sequences of avian influenza isolates from California	Comparative Immunology, Microbiology and Infectious Diseases	10.1016/j.cimid.2013.06.003	
104	Kamal, Ram P.;Alymova, Irina V.;York, Ian A.	2018	Evolution and virulence of influenza A virus protein PB1-F2	International Journal of Molecular Sciences	10.3390/ijms19010096	
105	Gambaryan, Alexandra;Tuzikov, Alexander;Pazynina, Galina;Bovin, Nicolai;Balish, Amanda;Klimov, Alexander	2006	Evolution of the receptor binding phenotype of influenza A (H5) viruses	Virology	10.1016/j.virol.2005.08.035	
106	Shi, Mang;Jagger, Brett W.;Wise, Helen M.;Digard, Paul;Holmes, Edward C.;Taubenberger, Jeffery K.	2012	Evolutionary Conservation of the PA-X Open Reading Frame in Segment 3 of Influenza A Virus	Journal of Virology	10.1128/jvi.01677-12	
108	França, M.;Stallknecht, D. E.;Howerth, E. W.	2013	Expression and distribution of sialic acid influenza virus receptors in wild birds	Avian Pathology	10.1080/03079457.2012.759176	
109	Gorai, Takeo;Goto, Hideo;Noda, Takeshi;Watanabe, Tokiko;Kozuka-Hata, Hiroko;Oyama, Masaaki;Takano, Ryo;Neumann, Gabriele;Watanabe, Shinji;Kawaoka, Yoshihiro	2012	F1Fo-ATPase, F-type proton-translocating ATPase, at the plasma membrane is critical for efficient influenza virus budding	Proceedings of the National Academy of Sciences of the United States of America	10.1073/pnas.1114728109	
110	Tong, Xue Cheng;Weng, Shan Shan;Xue, Feng;Wu, Xing;Xu, Tian Min;Zhang, Wen Hong	2018	First human infection by a novel avian influenza A(H7N4) virus	Journal of Infection	10.1016/j.jinf.2018.06.002	
111	Wagner, Ralf;Matrosovich, Mikhail;Klenk, Hans Dieter	2002	Functional balance between haemagglutinin and neuraminidase in influenza virus infections	Reviews in Medical Virology	10.1002/rmv.352	
112	Abed, Yacine;Goyette, Nathalie;Boivin, Guy	2005	Generation and characterization of recombinant influenza A (H1N1) viruses harboring amantadine resistance mutations	Antimicrobial Agents and Chemotherapy	10.1128/AAC.49.2.556-559.2005	
113	Qi, W.;Zhou, X.;Shi, W.;Huang, L.;Xia, W.;Liu, D.;Li, H.;Chen, S.;Lei, F.;Cao, L.;Wu, J.;He, F.;Song, W.;Li, Q.;Li, H.;Liao, M.;Liu, M.	2014	Genesis of the novel human-infecting influenza A(H10N8) virus and potential genetic diversity of the virus in poultry, China	Eurosurveillance	10.2807/1560-7917.es2014.19.25.20841	
114	Welkers, Matthijs R.A.;Pawestri, Hana A.;Fonville, Judy M.;Sampurno, Ondri D.;Pater, Maarten;Holwerda, Melle;Han, Alvin X.;Russell, Colin A.;Jeeninga, Rienk E.;Setiawaty, Vivi;de Jong, Menno D.;Eggink, Dirk	2019	Genetic diversity and host adaptation of avian H5N1 influenza viruses during human infection	Emerging Microbes and Infections	10.1080/22221751.2019.1575700	
115	Chen, Guang Wu;Kuo, Shu Ming;Yang, Shu Li;Gong, Yu Nong;Hsiao, Mei Ren;Liu, Yi Chun;Shih, Shin Ru;Tsao, Kuo Chien	2016	Genomic Signatures for Avian H7N9 Viruses Adapting to Humans	PLoS ONE	10.1371/journal.pone.0148432	
116	Feng, Xiaoxiao;Wang, Zeng;Shi, Jianzhong;Deng, Guohua;Kong, Huihui;Tao, Shiyu;Li, Changyao;Liu, Liling;Guan, Yuntao;Chen, Hualan	2016	Glycine at Position 622 in PB1 Contributes to the Virulence of H5N1 Avian Influenza Virus in Mice	Journal of Virology	10.1128/jvi.02387-15	
117	Wang, Weijia;Lu, Bin;Zhou, Helen;Suguitan, Amorsolo L.;Cheng, Xing;Subbarao, Kanta;Kemble, George;Jin, Hong	2010	Glycosylation at 158N of the Hemagglutinin Protein and Receptor Binding Specificity Synergistically Affect the Antigenicity and Immunogenicity of a Live Attenuated H5N1 A/Vietnam/1203/2004 Vaccine Virus in Ferrets	Journal of Virology	10.1128/jvi.00221-10	
118	Matrosovich, Mikhail N.;Matrosovich, Tatyana Y.;Gray, Thomas;Roberts, Noel A.;Klenk, Hans Dieter	2004	Human and avian influenza viruses target different cell types in cultures of human airway epithelium	Proceedings of the National Academy of Sciences of the United States of America	10.1073/pnas.0308001101	
119	Baigent, Susan J.;McCauley, John W.	2001	Glycosylation of haemagglutinin and stalk-length of neuraminidase combine to regulate the growth of avian influenza viruses in tissue culture	Virus Research	10.1016/S0168-1702(01)00272-6	
120	Hatta, Masato;Hatta, Yasuko;Kim, Jin Hyun;Watanabe, Shinji;Shinya, Kyoko;Nguyen, Tung;Phuong, Song Lien;Quynh, Mai Le;Kawaoka, Yoshihiro	2007	Growth of H5N1 influenza A viruses in the upper respiratory tracts of mice	PLoS Pathogens	10.1371/journal.ppat.0030133	
121	Ramos, Irene;Krammer, Florian;Hai, Rong;Aguilera, Domingo;Bernal-Rubio, Dabeiba;Steel, John;García-Sastre, Adolfo;Fernandez-Sesma, Ana	2013	H7N9 influenza viruses interact preferentially with α2,3-linked sialic acids and bind weakly to α2,6-linked sialic acids	Journal of General Virology	10.1099/vir.0.056184-0	
122	Yamada, Shinya;Suzuki, Yasuo;Suzuki, Takashi;Le, Mai Q.;Nidom, Chairul A.;Sakai-Tagawa, Yuko;Muramoto, Yukiko;Ito, Mutsumi;Kiso, Maki;Horimoto, Taisuke;Shinya, Kyoko;Sawada, Toshihiko;Kiso, Makoto;Usui, Taiichi;Murata, Takeomi;Lin, Yipu;Hay, Alan;Haire, Lesley F.;Stevens, David J.;Russell, Rupert J.;Gamblin, Steven J.;Skehel, John J.;Kawaoka, Yoshihiro	2006	Haemagglutinin mutations responsible for the binding of H5N1 influenza A viruses to human-type receptors	Nature	10.1038/nature05264	
123	Zhu, Xueyong;Yu, Wenli;McBride, Ryan;Li, Yan;Chen, Li Mei;Donis, Ruben O.;Tong, Suxiang;Paulson, James C.;Wilson, Ian A.	2013	Hemagglutinin homologue from H17N10 bat influenza virus exhibits divergent receptor-binding and pH-dependent fusion activities	Proceedings of the National Academy of Sciences of the United States of America	10.1073/pnas.1218509110	
124	Creanga, Adrian;Hang, Nguyen Le Khanh;Cuong, Vuong Duc;Nguyen, Ha T.;Phuong, Hoang Vu Mai;Thanh, Le Thi;Thach, Nguyen Co;Hien, Pham Thi;Tung, Nguyen;Jang, Yunho;Balish, Amanda;Dang, Nguyen Hoang;Duong, Mai Thuy;Huong, Ngo Thu;Hoa, Do Ngoc;Tho, Nguyen Dang;Klimov, Alexander;Kapella, Bryan K.;Gubareva, Larisa;Kile, James C.;Hien, Nguyen Tran;Mai, Le Quynh;Davis, C. Todd	2017	Highly pathogenic avian influenza a(h5n1) viruses at the animal-human interface in Vietnam, 2003-2010	Journal of Infectious Diseases	10.1093/infdis/jix003	
125	Guo, Hongbo;de Vries, Erik;McBride, Ryan;Dekkers, Jojanneke;Peng, Wenjie;Bouwman, Kim M.;Nycholat, Corwin;Verheije, M. Helene;Paulson, James C.;van Kuppeveld, Frank J.M.;de Haan, Cornelis A.M.	2017	Highly pathogenic influenza A(H5Nx) viruses with altered H5 receptor-binding specificity	Emerging Infectious Diseases	10.3201/eid2302.161072	
126	Bortz, Eric;Westera, Liset;Maamary, Jad;Steel, John;Albrecht, Randy A.;Manicassamy, Balaji;Chase, Geoffrey;Martínez-Sobrido, Luis;Schwemmle, Martin;García-Sastrea, Adolfo	2011	Host- and strain-specific regulation of influenza virus polymerase activity by interacting cellular proteins	mBio	10.1128/mBio.00151-11	
127	Tarendeau, Franck;Crepin, Thibaut;Guilligay, Delphine;Ruigrok, Rob W.H.;Cusack, Stephen;Hart, Darren J.	2008	Host determinant residue lysine 627 lies on the surface of a discrete, folded domain of influenza virus polymerase PB2 subunit	PLoS Pathogens	10.1371/journal.ppat.1000136	
128	Labadie, Karine;Dos Santos Afonso, Emmanuel;Rameix-Welti, Marie Anne;van der Werf, Sylvie;Naffakh, Nadia	2007	Host-range determinants on the PB2 protein of influenza A viruses control the interaction between the viral polymerase and nucleoprotein in human cells	Virology	10.1016/j.virol.2006.12.027	
129	Van Hoeven, Neal;Pappas, Claudia;Belser, Jessica A.;Maines, Taronna R.;Zeng, Hui;García-Sastre, Adolfo;Sasisekharan, Ram;Katz, Jacqueline M.;Tumpey, Terrence M.	2009	Human HA and polymerase subunit PB2 proteins confer transmission of an avian influenza virus through the air	Proceedings of the National Academy of Sciences of the United States of America	10.1073/pnas.0813172106	
130	Gao, Rongbao;Cao, Bin;Hu, Yunwen;Feng, Zijian;Wang, Dayan;Hu, Wanfu;Chen, Jian;Jie, Zhijun;Qiu, Haibo;Xu, Ke;Xu, Xuewei;Lu, Hongzhou;Zhu, Wenfei;Gao, Zhancheng;Xiang, Nijuan;Shen, Yinzhong;He, Zebao;Gu, Yong;Zhang, Zhiyong;Yang, Yi;Zhao, Xiang;Zhou, Lei;Li, Xiaodan;Zou, Shumei;Zhang, Ye;Li, Xiyan;Yang, Lei;Guo, Junfeng;Dong, Jie;Li, Qun;Dong, Libo;Zhu, Yun;Bai, Tian;Wang, Shiwen;Hao, Pei;Yang, Weizhong;Zhang, Yanping;Han, Jun;Yu, Hongjie;Li, Dexin;Gao, George F.;Wu, Guizhen;Wang, Yu;Yuan, Zhenghong;Shu, Yuelong	2013	Human Infection with a Novel Avian-Origin Influenza A (H7N9) Virus	New England Journal of Medicine	10.1056/nejmoa1304459	
131	Huang, Yiwei;Li, Xiaodan;Zhang, Hong;Chen, Bozhong;Jiang, Yonglin;Yang, Lei;Zhu, Wenfei;Hu, Shixiong;Zhou, Siyu;Tang, Yunli;Xiang, Xingyu;Li, Fangcai;Li, Wenchao;Gao, Lidong	2015	Human infection with an avian influenza A (H9N2) virus in the middle region of China	Journal of Medical Virology	10.1002/jmv.24231	
132	Gao, Pei;Du, Haoyun;Fan, Lei;Chen, Libin;Liao, Ming;Xu, Chenggang;Xiang, Bin;Ren, Tao	2018	Human infection with an avian-origin influenza A (H7N4) virus in Jiangsu: A potential threat to China	Journal of Infection	10.1016/j.jinf.2018.07.005	
133	Ilyushina, Natalia A.;Govorkova, Elena A.;Gray, Thomas E.;Bovin, Nicolai V.;Webster, Robert G.	2008	Human-like receptor specificity does not affect the neuraminidase-inhibitor susceptibility of H5N1 influenza viruses	PLoS Pathogens	10.1371/journal.ppat.1000043	
134	Qu, Zhiyuan;Ma, Shujie;Kong, Huihui;Deng, Guohua;Shi, Jianzhong;Liu, Liling;Suzuki, Yasuo;Chen, Hualan	2017	Identification of a key amino acid in hemagglutinin that increases human-type receptor binding and transmission of an H6N2 avian influenza virus	Microbes and Infection	10.1016/j.micinf.2017.09.008	
135	Wise, Helen M.;Hutchinson, Edward C.;Jagger, Brett W.;Stuart, Amanda D.;Kang, Zi H.;Robb, Nicole;Schwartzman, Louis M.;Kash, John C.;Fodor, Ervin;Firth, Andrew E.;Gog, Julia R.;Taubenberger, Jeffery K.;Digard, Paul	2012	Identification of a Novel Splice Variant Form of the Influenza A Virus M2 Ion Channel with an Antigenically Distinct Ectodomain	PLoS Pathogens	10.1371/journal.ppat.1002998	
136	Gao, Yuwei;Zhang, Ying;Shinya, Kyoko;Deng, Guohua;Jiang, Yongping;Li, Zejun;Guan, Yuntao;Tian, Guobin;Li, Yanbing;Shi, Jianzhong;Liu, Liling;Zeng, Xianying;Bu, Zhigao;Xia, Nzhu;Kawaoka, Yoshihiro;Chen, Hualan	2009	Identification of amino acids in HA and PB2 critical for the transmission of H5N1 avian influenza viruses in a mammalian host	PLoS Pathogens	10.1371/journal.ppat.1000709	
137	Sun, Xiangjie;Belser, Jessica A.;Yang, Hua;Pulit-Penaloza, Joanna A.;Pappas, Claudia;Brock, Nicole;Zeng, Hui;Creager, Hannah M.;Stevens, James;Maines, Taronna R.	2019	Identification of key hemagglutinin residues responsible for cleavage, acid stability, and virulence of fifth-wave highly pathogenic avian influenza A(H7N9) viruses	Virology	10.1016/j.virol.2019.07.012	
138	Taft, Andrew S.;Ozawa, Makoto;Fitch, Adam;Depasse, Jay V.;Halfmann, Peter J.;Hill-Batorski, Lindsay;Hatta, Masato;Friedrich, Thomas C.;Lopes, Tiago J.S.;Maher, Eileen A.;Ghedin, Elodie;Macken, Catherine A.;Neumann, Gabriele;Kawaoka, Yoshihiro	2015	Identification of mammalian-adapting mutations in the polymerase complex of an avian H5N1 influenza virus	Nature Communications	10.1038/ncomms8491	
139	Elgendy, Emad Mohamed;Arai, Yasuha;Kawashita, Norihito;Daidoji, Tomo;Takagi, Tatsuya;Ibrahim, Madiha Salah;Nakaya, Takaaki;Watanabe, Yohei	2017	Identification of polymerase gene mutations that affect viral replication in H5N1 influenza viruses isolated from pigeons	Journal of General Virology	10.1099/jgv.0.000674	
140	Kanrai, Pumaree;Mostafa, Ahmed;Madhugiri, Ramakanth;Lechner, Marcus;Wilk, Esther;Schughart, Klaus;Ylösmäki, Leena;Saksela, Kalle;Ziebuhr, John;Pleschka, Stephan	2016	Identification of specific residues in avian influenza a virus NS1 that enhance viral replication and pathogenicity in mammalian systems	Journal of General Virology	10.1099/jgv.0.000542	
141	Desmet, Emily A.;Bussey, Kendra A.;Stone, Raychel;Takimoto, Toru	2013	Identification of the N-Terminal Domain of the Influenza Virus PA Responsible for the Suppression of Host Protein Synthesis	Journal of Virology	10.1128/jvi.02826-12	
142	Linster, Martin;Van Boheemen, Sander;De Graaf, Miranda;Schrauwen, Eefje J.A.;Lexmond, Pascal;Mänz, Benjamin;Bestebroer, Theo M.;Baumann, Jan;Van Riel, Debby;Rimmelzwaan, Guus F.;Osterhaus, Albert D.M.E.;Matrosovich, Mikhail;Fouchier, Ron A.M.;Herfst, Sander	2014	Identification, characterization, and natural selection of mutations driving airborne transmission of A/H5N1 virus	Cell	10.1016/j.cell.2014.02.040	
143	Kargarfard, Fatemeh;Sami, Ashkan;Hemmatzadeh, Farhid;Ebrahimie, Esmaeil	2019	Identifying mutation positions in all segments of influenza genome enables better differentiation between pandemic and seasonal strains	Gene	10.1016/j.gene.2019.01.014	
144	Koutsakos, Marios;Kedzierska, Katherine;Subbarao, Kanta	2019	Immune Responses to Avian Influenza Viruses	The Journal of Immunology	10.4049/jimmunol.1801070	
145	Yang, Zhi Yong;Wei, Chih Jen;Kong, Wing Pui;Wu, Lan;Xu, Ling;Smith, David F.;Nabel, Gary J.	2007	Immunization by avian H5 influenza hemagglutinin mutants with altered receptor binding specificity	Science	10.1126/science.1135165	
146	Hurt, Aeron C.;Holien, Jessica K.;Barr, Ian G.	2009	In vitro generation of neuraminidase inhibitor resistance in A(H5N1) influenza viruses	Antimicrobial Agents and Chemotherapy	10.1128/AAC.00334-09	
147	Thompson, Catherine I.;Barclay, Wendy S.;Zambon, Maria C.;Pickles, Raymond J.	2006	Infection of Human Airway Epithelium by Human and Avian Strains of Influenza A Virus	Journal of Virology	10.1128/jvi.00384-06	
148	Foeglein, Ágnes;Loucaides, Eva M.;Mura, Manuela;Wise, Helen M.;Barclay, Wendy S.;Digard, Paul	2011	Influence of PB2 host-range determinants on the intranuclear mobility of the influenza a virus polymerase	Journal of General Virology	10.1099/vir.0.031492-0	
149	Cohen, Miriam;Zhang, Xing Quan;Senaati, Hooman P.;Chen, Hui Wen;Varki, Nissi M.;Schooley, Robert T.;Gagneux, Pascal	2013	Influenza A penetrates host mucus by cleaving sialic acids with neuraminidase	Virology Journal	10.1186/1743-422X-10-321	
150	Kuo, Rei-Lin;Krug, Robert M.	2009	Influenza A Virus Polymerase Is an Integral Component of the CPSF30-NS1A Protein Complex in Infected Cells	Journal of Virology	10.1128/jvi.01491-08	
151	Hayashi, Tsuyoshi;MacDonald, Leslie A.;Takimoto, Toru	2015	Influenza A Virus Protein PA-X Contributes to Viral Growth and Suppression of the Host Antiviral and Immune Responses	Journal of Virology	10.1128/jvi.00319-15	
152	Le Goffic, Ronan;Bouguyon, Edwige;Chevalier, Christophe;Vidic, Jasmina;Da Costa, Bruno;Leymarie, Olivier;Bourdieu, Christiane;Decamps, Laure;Dhorne-Pollet, Sophie;Delmas, Bernard	2010	Influenza A Virus Protein PB1-F2 Exacerbates IFN-β Expression of Human Respiratory Epithelial Cells	The Journal of Immunology	10.4049/jimmunol.0903952	
153	Hai, Rong;Schmolke, Mirco;Leyva-Grado, Victor H.;Thangavel, Rajagowthamee R.;Margine, Irina;Jaffe, Eric L.;Krammer, Florian;Solórzano, Alicia;García-Sastre, Adolfo;Palese, Peter;Bouvier, Nicole M.	2013	Influenza A(H7N9) virus gains neuraminidase inhibitor resistance without loss of in vivo virulence or transmissibility	Nature Communications	10.1038/ncomms3854	
154	Gamblin, Steven J.;Skehel, John J.	2010	Influenza hemagglutinin and neuraminidase membrane glycoproteins	Journal of Biological Chemistry	10.1074/jbc.R110.129809	
155	Russell, Charles J.;Hu, Meng;Okda, Faten A.	2018	Influenza Hemagglutinin Protein Stability, Activation, and Pandemic Risk	Trends in Microbiology	10.1016/j.tim.2018.03.005	
156	Arzey, George G.;Kirkland, Peter D.;Arzey, K. Edla;Frost, Melinda;Maywood, Patrick;Conaty, Stephen;Hurt, Aeron C.;Deng, Yi Mo;Iannello, Pina;Barr, Ian;Dwyer, Dominic E.;Ratnamohan, Mala;McPhie, Kenneth;Selleck, Paul	2012	Influenza virus a (H10N7) in chickens and poultry abattoir workers, Australia	Emerging Infectious Diseases	10.3201/eid1805.111852	
157	Webster, Robert G.;Rott, Rudolf	1987	Influenza virus a pathogenicity: The pivotal role of hemagglutinin	Cell	10.1016/0092-8674(87)90321-7	
158	Rodriguez, A.;Pérez-González, A.;Nieto, A.	2007	Influenza Virus Infection Causes Specific Degradation of the Largest Subunit of Cellular RNA Polymerase II	Journal of Virology	10.1128/jvi.02129-06	
159	Pinto, Lawrence H.;Holsinger, Leslie J.;Lamb, Robert A.	1992	Influenza virus M2 protein has ion channel activity	Cell	10.1016/0092-8674(92)90452-I	
160	Gómez-Puertas, Paulino;Albo, Carmen;Pérez-Pastrana, Esperanza;Vivo, Amparo;Portela, Agustı́n	2000	Influenza Virus Matrix Protein Is the Major Driving Force in Virus Budding	Journal of Virology	10.1128/jvi.74.24.11538-11547.2000	
161	McAuley, Julie L.;Gilbertson, Brad P.;Trifkovic, Sanja;Brown, Lorena E.;McKimm-Breschkin, Jennifer L.	2019	Influenza virus neuraminidase structure and functions	Frontiers in Microbiology	10.3389/fmicb.2019.00039	https://doi.org/10.3389/fmicb.2019.00039
162	Marc, Daniel	2014	Influenza virus non-structural protein NS1: Interferon antagonism and beyond	Journal of General Virology	10.1099/vir.0.069542-0	
163	Marvin, Shauna A.;Russier, Marion;Huerta, C. Theodore;Russell, Charles J.;Schultz-Cherry, Stacey	2017	Influenza Virus Overcomes Cellular Blocks To Productively Replicate, Impacting Macrophage Function	Journal of Virology	10.1128/jvi.01417-16	
164	Leymarie, Olivier;Meyer, Léa;Tafforeau, Lionel;Lotteau, Vincent;Da Costa, Bruno;Delmas, Bernard;Chevalier, Christophe;Goffic, Ronan Le	2017	Influenza virus protein PB1-F2 interacts with CALCOCO2 (NDP52) to modulate innate immune response	Journal of General Virology	10.1099/jgv.0.000782	
165	Shinya, Kyoko;Kawaoka, Yoshihiro	2006	Influenza virus receptors in the human airway	Uirusu. Journal of virology	10.2222/jsv.56.85	
166	Gabriel, Gülsah;Herwig, Astrid;Klenk, Hans Dieter	2008	Interaction of polymerase subunit PB2 and NP with importin α1 is a determinant of host range of influenza A virus	PLoS Pathogens	10.1371/journal.ppat.0040011	
167	Keiner, Bjoern;Maenz, Benjamin;Wagner, Ralf;Cattoli, Giovanni;Capua, Ilaria;Klenk, Hans-Dieter	2010	Intracellular Distribution of NS1 Correlates with the Infectivity and Interferon Antagonism of an Avian Influenza Virus (H7N1)	Journal of Virology	10.1128/jvi.01011-10	
168	Wen, Lei;Chu, Hin;Wong, Bosco Ho Yin;Wang, Dong;Li, Cun;Zhao, Xiaoyu;Chiu, Man Chun;Yuan, Shuofeng;Fan, Yanhui;Chen, Honglin;Zhou, Jie;Yuen, Kwok Yung	2018	Large-scale sequence analysis reveals novel human-adaptive markers in PB2 segment of seasonal influenza A viruses	Emerging Microbes and Infections	10.1038/s41426-018-0050-0	
169	Hoffmann, T. W.;Munier, S.;Larcher, T.;Soubieux, D.;Ledevin, M.;Esnault, E.;Tourdes, A.;Croville, G.;Guérin, J.-L.;Quéré, P.;Volmer, R.;Naffakh, N.;Marc, D.	2012	Length Variations in the NA Stalk of an H7N1 Influenza Virus Have Opposite Effects on Viral Excretion in Chickens and Ducks	Journal of Virology	10.1128/jvi.05474-11	
170	Seo, Sang Heui;Hoffmann, Erich;Webster, Robert G.	2002	Lethal H5N1 influenza viruses escape host anti-viral cytokine responses	Nature Medicine	10.1038/nm757	
171	Liang, Libin;Jiang, Li;Li, Junping;Zhao, Qingqing;Wang, Jinguang;He, Xijun;Huang, Shanyu;Wang, Qian;Zhao, Yuhui;Wang, Guangwen;Sun, Nan;Deng, Guohua;Shi, Jianzhong;Tian, Guobin;Zeng, Xianying;Jiang, Yongping;Liu, Liling;Liu, Jinxiong;Chen, Pucheng;Bu, Zhigao;Kawaoka, Yoshihiro;Chen, Hualan;Li, Chengjun	2019	Low polymerase activity attributed to PA drives the acquisition of the PB2 E627K mutation of H7N9 avian influenza virus in mammals	mBio	10.1128/mBio.01162-19	
172	Trapp, Sascha;Soubieux, Denis;Lidove, Alexandra;Esnault, Evelyne;Lion, Adrien;Guillory, Vanaique;Wacquiez, Alan;Kut, Emmanuel;Quéré, Pascale;Larcher, Thibaut;Ledevin, Mireille;Nadan, Virginie;Camus-Bouclainville, Christelle;Marc, Daniel	2018	Major contribution of the RNA-binding domain of NS1 in the pathogenicity and replication potential of an avian H7N1 influenza virus in chickens	Virology Journal	10.1186/s12985-018-0960-4	
173	Yamaji, Reina;Yamada, Shinya;Le, Mai Q.;Ito, Mutsumi;Sakai-Tagawa, Yuko;Kawaoka, Yoshihiro	2015	Mammalian Adaptive Mutations of the PA Protein of Highly Pathogenic Avian H5N1 Influenza Virus	Journal of Virology	10.1128/jvi.03532-14	
174	Sorrell, Erin M.;Wan, Hongquan;Araya, Yonas;Song, Haichen;Perez, Daniel R.	2009	Minimal molecular constraints for respiratory droplet transmission of an avian-human H9N2 influenza A virus	Proceedings of the National Academy of Sciences of the United States of America	10.1073/pnas.0900877106	
175	Hatta, H.;Gao, P.;Halfmann, P.;Kawaoka, Y.	2001	Molecular basis for high virulence of Hong Kong H5N1 influenza a viruses	Science	10.1126/science.1062882	
176	Li, Zejun;Chen, Hualan;Jiao, Peirong;Deng, Guohua;Tian, Guobin;Li, Yanbing;Hoffmann, Erich;Webster, Robert G.;Matsuoka, Yumiko;Yu, Kangzhen	2005	Molecular Basis of Replication of Duck H5N1 Influenza Viruses in a Mammalian Mouse Model	Journal of Virology	10.1128/jvi.79.18.12058-12064.2005	
177	Shaw, M.;Cooper, L.;Xu, X.;Thompson, W.;Krauss, S.;Guan, Y.;Zhou, N.;Klimov, A.;Cox, N.;Webster, R.;Lim, W.;Shortridge, K.;Subbarao, K.	2002	Molecular changes associated with the transmission of avian influenza A H5N1 and H9N2 viruses to humans	Journal of Medical Virology	10.1002/jmv.2118	
178	Hulse-Post, D. J.;Franks, J.;Boyd, K.;Salomon, R.;Hoffmann, E.;Yen, H. L.;Webby, R. J.;Walker, D.;Nguyen, T. D.;Webster, R. G.	2007	Molecular Changes in the Polymerase Genes (PA and PB1) Associated with High Pathogenicity of H5N1 Influenza Virus in Mallard Ducks	Journal of Virology	10.1128/jvi.00435-07	
179	Puthavathana, Pilaipan;Auewarakul, Prasert;Charoenying, Pakapak Chor;Sangsiriwut, Kantima;Pooruk, Phisanu;Boonnak, Kobporn;Khanyok, Raweewan;Thawachsupa, Pranee;Kijphati, Rungrueng;Sawanpanyalert, Pathom	2005	Molecular characterization of the complete genome of human influenza H5N1 virus isolates from Thailand	Journal of General Virology	10.1099/vir.0.80368-0	
180	Zhao, Dongming;Fukuyama, Satoshi;Yamada, Shinya;Lopes, Tiago J. S.;Maemura, Tadashi;Katsura, Hiroaki;Ozawa, Makoto;Watanabe, Shinji;Neumann, Gabriele;Kawaoka, Yoshihiro	2015	Molecular Determinants of Virulence and Stability of a Reporter-Expressing H5N1 Influenza A Virus	Journal of Virology	10.1128/jvi.01886-15	
181	Lloren, Khristine Kaith S.;Lee, Taehyung;Kwon, Jin Jung;Song, Min Suk	2017	Molecular Markers for Interspecies Transmission of Avian Influenza Viruses in Mammalian Hosts	International journal of molecular sciences	10.3390/ijms18122706	
182	Han, Pengfei;Hu, Yi;Sun, Wei;Zhang, Sen;Li, Yuchang;Wu, Xiaoyan;Yang, Yinhui;Zhu, Qingyu;Jiang, Tao;Li, Jing;Qin, Chengfeng	2015	Mouse lung-adapted mutation of E190G in hemagglutinin from H5N1 influenza virus contributes to attenuation in mice	Journal of Medical Virology	10.1002/jmv.24257	
183	Wang, Jingjing;Sun, Yipeng;Xu, Qi;Tan, Yuanyuan;Pu, Juan;Yang, Hanchun;Brown, Earl G.;Liu, Jinhua	2012	Mouse-adapted H9N2 influenza a virus PB2 protein M147L and E627K mutations are critical for high virulence	PLoS ONE	10.1371/journal.pone.0040752	
184	Dai, Meiling;McBride, Ryan;Dortmans, Jos C. F. M.;Peng, Wenjie;Bakkers, Mark J. G.;de Groot, Raoul J.;van Kuppeveld, Frank J. M.;Paulson, James C.;de Vries, Erik;de Haan, Cornelis A. M.	2017	Mutation of the Second Sialic Acid-Binding Site, Resulting in Reduced Neuraminidase Activity, Preceded the Emergence of H7N9 Influenza A Virus	Journal of Virology	10.1128/jvi.00049-17	
185	Richard, Mathilde;Herfst, Sander;Van Den Brand, Judith M.A.;De Meulder, Dennis;Lexmond, Pascal;Bestebroer, Theo M.;Fouchier, Ron A.M.	2017	Mutations Driving Airborne Transmission of A/H5N1 Virus in Mammals Cause Substantial Attenuation in Chickens only when combined	Scientific Reports	10.1038/s41598-017-07000-6	
186	Ayora-Talavera, Guadalupe;Shelton, Holly;Scull, Margaret A.;Ren, Junyuan;Jones, Ian M.;Pickles, Raymond J.;Barclay, Wendy S.	2009	Mutations in H5N1 influenza virus hemagglutinin that confer binding to human tracheal airway epithelium	PLoS ONE	10.1371/journal.pone.0007836	
187	Xu, Guanlong;Wang, Fang;Li, Qiuchen;Bing, Guoxia;Xie, Shijie;Sun, Shijing;Bian, Zengjie;Sun, Hao Jie;Feng, Yu;Peng, Xiaowei;Jiang, Hui;Zhu, Liangquan;Fan, Xuezheng;Qin, Yuming;Ding, Jiabo	2020	Mutations in PB2 and HA enhanced pathogenicity of H4N6 avian influenza virus in mice	Journal of General Virology	10.1099/jgv.0.001192	https://doi.org/10.1099/jgv.0.001192
188	Smeenk, Cecilia A.;Wright, Kathryn E.;Burns, Bruce F.;Thaker, Ajay J.;Brown, Earl G.	1996	Mutations in the hemagglutinin and matrix genes of a virulent influenza virus variant, A/FM/1/47-MA, control different stages in pathogenesis	Virus Research	10.1016/0168-1702(96)01329-9	
189	Zhong, Gongxun;Le, Mai Quynh;Lopes, Tiago J. S.;Halfmann, Peter;Hatta, Masato;Fan, Shufang;Neumann, Gabriele;Kawaoka, Yoshihiro	2018	Mutations in the PA Protein of Avian H5N1 Influenza Viruses Affect Polymerase Activity and Mouse Virulence	Journal of Virology	10.1128/jvi.01557-17	
190	Naughtin, M.;Dyason, J. C.;Mardy, S.;Sorn, S.;Von Itzstein, M.;Buchy, P.	2011	Neuraminidase inhibitor sensitivity and receptor-binding specificity of Cambodian clade 1 highly pathogenic H5N1 influenza virus	Antimicrobial Agents and Chemotherapy	10.1128/AAC.01773-10	
191	Matrosovich, Mikhail N.;Matrosovich, Tatyana Y.;Gray, Thomas;Roberts, Noel A.;Klenk, Hans-Dieter	2004	Neuraminidase Is Important for the Initiation of Influenza Virus Infection in Human Airway Epithelium	Journal of Virology	10.1128/jvi.78.22.12665-12667.2004	
192	Matsuoka, Yumiko;Swayne, David E.;Thomas, Colleen;Rameix-Welti, Marie-Anne;Naffakh, Nadia;Warnes, Christine;Altholtz, Melanie;Donis, Ruben;Subbarao, Kanta	2009	Neuraminidase Stalk Length and Additional Glycosylation of the Hemagglutinin Influence the Virulence of Influenza H5N1 Viruses for Mice	Journal of Virology	10.1128/jvi.01987-08	
193	Tong, Suxiang;Zhu, Xueyong;Li, Yan;Shi, Mang;Zhang, Jing;Bourgeois, Melissa;Yang, Hua;Chen, Xianfeng;Recuenco, Sergio;Gomez, Jorge;Chen, Li Mei;Johnson, Adam;Tao, Ying;Dreyfus, Cyrille;Yu, Wenli;McBride, Ryan;Carney, Paul J.;Gilbert, Amy T.;Chang, Jessie;Guo, Zhu;Davis, Charles T.;Paulson, James C.;Stevens, James;Rupprecht, Charles E.;Holmes, Edward C.;Wilson, Ian A.;Donis, Ruben O.	2013	New World Bats Harbor Diverse Influenza A Viruses	PLoS Pathogens	10.1371/journal.ppat.1003657	
194	Kargarfard, Fatemeh;Sami, Ashkan;Mohammadi-Dehcheshmeh, Manijeh;Ebrahimie, Esmaeil	2016	Novel approach for identification of influenza virus host range and zoonotic transmissible sequences by determination of host-related associative positions in viral genome segments	BMC Genomics	10.1186/s12864-016-3250-9	
195	Fan, Shufang;Hatta, Masato;Kim, Jin Hyun;Halfmann, Peter;Imai, Masaki;Macken, Catherine A.;Le, Mai Quynh;Nguyen, Tung;Neumann, Gabriele;Kawaoka, Yoshihiro	2014	Novel residues in avian influenza virus PB2 protein affect virulence in mammalian hosts	Nature Communications	10.1038/ncomms6021	
196	Zhao, Hanjun;Chu, Hin;Zhao, Xiaoyu;Shuai, Huiping;Wong, Bosco Ho Yin;Wen, Lei;Yuan, Shuofeng;Zheng, Bo Jian;Zhou, Jie;Yuen, Kwok Yung	2016	Novel residues in the PA protein of avian influenza H7N7 virus affect virulence in mammalian hosts	Virology	10.1016/j.virol.2016.08.004	
197	Tada, Tatsuya;Suzuki, Koutaro;Sakurai, Yu;Kubo, Masanori;Okada, Hironao;Itoh, Toshihiro;Tsukamoto, Kenji	2011	NP Body Domain and PB2 Contribute to Increased Virulence of H5N1 Highly Pathogenic Avian Influenza Viruses in Chickens	Journal of Virology	10.1128/jvi.01648-10	
198	Robb, Nicole C.;Smith, Matt;Vreede, Frank T.;Fodor, Ervin	2009	NS2/NEP protein regulates transcription and replication of the influenza virus RNA genome	Journal of General Virology	10.1099/vir.0.009639-0	
199	Martin, Kelsey;Heleniust, Ari	1991	Nuclear transport of influenza virus ribonucleoproteins: The viral matrix protein (M1) promotes export and inhibits import	Cell	10.1016/0092-8674(91)90576-K	
200	Gillman, Anna;Muradrasoli, Shaman;Mårdnäs, Andreas;Söderström, Hanna;Fedorova, Ganna;Löwenthal, Max;Wille, Michelle;Daggfeldt, Annika;Järhult, Josef D.	2015	Oseltamivir resistance in influenza A(H6N2) caused by an R292K substitution in neuraminidase is not maintained in mallards without drug pressure	PLoS ONE	10.1371/journal.pone.0139415	
201	Earhart, Kenneth C.;Elsayed, Nasr M.;Saad, Magdi D.;Gubareva, Larisa V.;Nayel, Ahmed;Deyde, Varough M.;Abdelsattar, Ali;Abdelghani, Ahmad S.;Boynton, Bruce R.;Mansour, Moustafa M.;Essmat, Hala M.;Klimov, Alexander;Shuck-Lee, Deidra;Monteville, M. R.;Tjaden, Jeffrey A.	2009	Oseltamivir resistance mutation N294S in human influenza A(H5N1) virus in Egypt	Journal of Infection and Public Health	10.1016/j.jiph.2009.04.004	
202	Hu, Meng;Yuan, Shuofeng;Ye, Zi Wei;Singh, Kailash;Li, Cun;Shuai, Huiping;Fai, Ng;Chow, Billy K.C.;Chu, Hin;Zheng, Bo Jian	2017	PAnsubstitutions A37s, A37S/I61T and A37S/V63I attenuate the replication of H7N7 influenza a virus by impairing the polymerase and endonuclease activities	Journal of General Virology	10.1099/jgv.0.000717	
203	Sun, Xiangjie;Belser, Jessica A.;Pulit-Penaloza, Joanna A.;Zeng, Hui;Lewis, Amanda;Shieh, Wun-Ju;Tumpey, Terrence M.;Maines, Taronna R.	2016	Pathogenesis and Transmission Assessments of Two H7N8 Influenza A Viruses Recently Isolated from Turkey Farms in Indiana Using Mouse and Ferret Models	Journal of Virology	10.1128/jvi.01646-16	
204	Lipatov, Aleksandr S.;Andreansky, Samita;Webby, Richard J.;Hulse, Diane J.;Rehg, Jerold E.;Krauss, Scott;Perez, Daniel R.;Doherty, Peter C.;Webster, Robert G.;Sangster, Mark Y.	2005	Pathogenesis of Hong Kong H5N1 influenza virus NS gene reassortants in mice: The role of cytokines and B- and T-cell responses	Journal of General Virology	10.1099/vir.0.80663-0	
205	Hu, Jiao;Mo, Yiqun;Wang, Xiaoquan;Gu, Min;Hu, Zenglei;Zhong, Lei;Wu, Qiwen;Hao, Xiaoli;Hu, Shunlin;Liu, Wenbo;Liu, Huimou;Liu, Xiaowen;Liu, Xiufan	2015	PA-X Decreases the Pathogenicity of Highly Pathogenic H5N1 Influenza A Virus in Avian Species by Inhibiting Virus Replication and Host Response	Journal of Virology	10.1128/jvi.02132-14	
206	Gao, Huijie;Xu, Guanlong;Sun, Yipeng;Qi, Lu;Wang, Jinliang;Kong, Weili;Sun, Honglei;Pu, Juan;Chang, Kin Chow;Liu, Jinhua	2015	PA-X is a virulence factor in avian H9N2 influenza virus	Journal of General Virology	10.1099/jgv.0.000232	
207	Hu, Jiao;Ma, Chunxi;Liu, Xiufan	2018	PA-X: a key regulator of influenza A virus pathogenicity and host immune responses	Medical Microbiology and Immunology	10.1007/s00430-018-0548-z	
208	Leymarie, Olivier;Embury-Hyatt, Carissa;Chevalier, Christophe;Jouneau, Luc;Moroldo, Marco;Da Costa, Bruno;Berhane, Yohannes;Delmas, Bernard;Weingartl, Hana M.;Le Goffic, Ronan	2014	PB1-F2 attenuates virulence of highly pathogenic avian H5N1 influenza virus in chickens	PLoS ONE	10.1371/journal.pone.0100679	
209	Mcauley, Julie L.;Chipuk, Jerry E.;Boyd, Kelli L.;Van De Velde, Nick;Green, Douglas R.;Jonathan, A. Mc Cullers	2010	PB1-F2 proteins from H5N1 and 20th century pandemic influenza viruses cause immunopathology	PLoS Pathogens	10.1371/journal.ppat.1001014	
210	Shinya, Kyoko;Hamm, Stefan;Hatta, Masato;Ito, Hiroshi;Ito, Toshihiro;Kawaoka, Yoshihiro	2004	PB2 amino acid at position 627 affects replicative efficiency, but not cell tropism, of Hong Kong H5N1 influenza A viruses in mice	Virology	10.1016/j.virol.2003.11.030	
211	Yu, Zhijun;Ren, Zhiguang;Zhao, Yongkun;Cheng, Kaihui;Sun, Weiyang;Zhang, Xinghai;Wu, Jiaqiang;He, Hongbin;Xia, Xianzhu;Gao, Yuwei	2019	PB2 and hemagglutinin mutations confer a virulent phenotype on an H1N2 avian influenza virus in mice	Archives of Virology	10.1007/s00705-019-04283-0	
212	Czudai-Matwich, Volker;Otte, Anna;Matrosovich, Mikhail;Gabriel, Gülsah;Klenk, Hans-Dieter	2014	PB2 Mutations D701N and S714R Promote Adaptation of an Influenza H5N1 Virus to a Mammalian Host	Journal of Virology	10.1128/jvi.00422-14	
213	Manzoor, Rashid;Sakoda, Yoshihiro;Nomura, Naoki;Tsuda, Yoshimi;Ozaki, Hiroichi;Okamatsu, Masatoshi;Kida, Hiroshi	2009	PB2 Protein of a Highly Pathogenic Avian Influenza Virus Strain A/chicken/Yamaguchi/7/2004 (H5N1) Determines Its Replication Potential in Pigs	Journal of Virology	10.1128/jvi.01879-08	
214	Zhou, Bin;Li, Yan;Halpin, Rebecca;Hine, Erin;Spiro, David J.;Wentworth, David E.	2011	PB2 Residue 158 Is a Pathogenic Determinant of Pandemic H1N1 and H5 Influenza A Viruses in Mice	Journal of Virology	10.1128/jvi.01694-10	
215	Bussey, Kendra A.;Bousse, Tatiana L.;Desmet, Emily A.;Kim, Baek;Takimoto, Toru	2010	PB2 Residue 271 Plays a Key Role in Enhanced Polymerase Activity of Influenza A Viruses in Mammalian Host Cells	Journal of Virology	10.1128/jvi.02642-09	
216	Sun, Hailiang;Cui, Pengfei;Song, Yafen;Qi, Yan;Li, Xiaokang;Qi, Wenbao;Xu, Chenggang;Jiao, Peirong;Liao, Ming	2015	PB2 segment promotes high-pathogenicity of H5N1 avian influenza viruses in mice	Frontiers in Microbiology	10.3389/fmicb.2015.00073	
217	Hu, Meng;Yuan, Shuofeng;Zhang, Ke;Singh, Kailash;Ma, Qiang;Zhou, Jie;Chu, Hin;Zheng, Bo Jian	2017	PB2 substitutions V598T/I increase the virulence of H7N9 influenza A virus in mammals	Virology	10.1016/j.virol.2016.11.008	
218	Sediri, Hanna;Thiele, Swantje;Schwalm, Folker;Gabriel, Gülsah;Klenk, Hans Dieter	2016	PB2 subunit of avian influenza virus subtype H9N2: A pandemic risk factor	Journal of General Virology	10.1099/jgv.0.000333	
219	Xiao, Chencheng;Ma, Wenjun;Sun, Na;Huang, Lihong;Li, Yaling;Zeng, Zhaoyong;Wen, Yijun;Zhang, Zaoyue;Li, Huanan;Li, Qian;Yu, Yuandi;Zheng, Yi;Liu, Shukai;Hu, Pingsheng;Zhang, Xu;Ning, Zhangyong;Qi, Wenbao;Liao, Ming	2016	PB2-588 v promotes the mammalian adaptation of H10N8, H7N9 and H9N2 avian influenza viruses	Scientific Reports	10.1038/srep19474	
220	Cheng, Kaihui;Yu, Zhijun;Chai, Hongliang;Sun, Weiyang;Xin, Yue;Zhang, Qianyi;Huang, Jing;Zhang, Kun;Li, Xue;Yang, Songtao;Wang, Tiecheng;Zheng, Xuexing;Wang, Hualei;Qin, Chuan;Qian, Jun;Chen, Hualan;Hua, Yuping;Gao, Yuwei;Xia, Xianzhu	2014	PB2-E627K and PA-T97I substitutions enhance polymerase activity and confer a virulent phenotype to an H6N1 avian influenza virus in mice	Virology	10.1016/j.virol.2014.08.010	
221	Wang, Congrong;Lee, Horace Hok Yeung;Yang, Zi Feng;Mok, Chris Ka Pun;Zhang, Zhi	2016	PB2-Q591K mutation determines the pathogenicity of avian H9N2 influenza viruses for mammalian species	PLoS ONE	10.1371/journal.pone.0162163	
222	Lee, Ho Jin;Zheng, Jie J.	2010	PDZ domains and their binding partners: Structure, specificity, and modification	Cell Communication and Signaling	10.1186/1478-811X-8-8	
223	Finkelstein, David B.;Mukatira, Suraj;Mehta, Perdeep K.;Obenauer, John C.;Su, Xiaoping;Webster, Robert G.;Naeve, Clayton W.	2007	Persistent Host Markers in Pandemic and H5N1 Influenza Viruses	Journal of Virology	10.1128/jvi.00921-07	
224	Gerlach, Thomas;Hensen, Luca;Matrosovich, Tatyana;Bergmann, Janina;Winkler, Michael;Peteranderl, Christin;Klenk, Hans-Dieter;Weber, Friedemann;Herold, Susanne;Pöhlmann, Stefan;Matrosovich, Mikhail	2017	pH Optimum of Hemagglutinin-Mediated Membrane Fusion Determines Sensitivity of Influenza A Viruses to the Interferon-Induced Antiviral State and IFITMs	Journal of Virology	10.1128/jvi.00246-17	
225	Chen, Hualan;Bright, Rick A.;Subbarao, Kanta;Smith, Catherine;Cox, Nancy J.;Katz, Jacqueline M.;Matsuoka, Yumiko	2007	Polygenic virulence factors involved in pathogenesis of 1997 Hong Kong H5N1 influenza viruses in mice	Virus Research	10.1016/j.virusres.2007.04.017	
226	Kongchanagul, Alita;Suptawiwat, Ornpreya;Kanrai, Pumaree;Uiprasertkul, Mongkol;Puthavathana, Pilaipan;Auewarakul, Prasert	2008	Positive selection at the receptor-binding site of haemagglutinin H5 in viral sequences derived from human tissues	Journal of General Virology	10.1099/vir.0.2008/002469-0	
227	Xu, Rui;De Vries, Robert P.;Zhu, Xueyong;Nycholat, Corwin M.;McBride, Ryan;Yu, Wenli;Paulson, James C.;Wilson, Ian A.	2013	Preferential recognition of avian-like receptors in human influenza A H7N9 viruses	Science	10.1126/science.1243761	
228	Gao, Weihua;Zu, Zhipeng;Liu, Jiyu;Song, Jingwei;Wang, Xinyu;Wang, Chenxi;Liu, Litao;Tong, Qi;Wang, Mingyang;Sun, Honglei;Sun, Yipeng;Liu, Jinhua;Chang, Kin Chow;Pu, Juan	2019	Prevailing I292V PB2 mutation in avian influenza H9N2 virus increases viral polymerase function and attenuates IFN-β induction in human cells	Journal of General Virology	10.1099/jgv.0.001294	https://doi.org/10.1099/jgv.0.001294
229	Xu, Guanlong;Zhang, Xuxiao;Gao, Weihua;Wang, Chenxi;Wang, Jinliang;Sun, Honglei;Sun, Yipeng;Guo, Lu;Zhang, Rui;Chang, Kin-Chow;Liu, Jinhua;Pu, Juan	2016	Prevailing PA Mutation K356R in Avian Influenza H9N2 Virus Increases Mammalian Replication and Pathogenicity	Journal of Virology	10.1128/jvi.00883-16	
230	Abdelwhab, El Sayed M.;Veits, Jutta;Breithaupt, Angele;Gohrbandt, Sandra;Ziller, Mario;Teifke, Jens P.;Stech, Jürgen;Mettenleiter, Thomas C.	2016	Prevalence of the C-terminal truncations of NS1 in avian influenza A viruses and effect on virulence and replication of a highly pathogenic H7N1 virus in chickens	Virulence	10.1080/21505594.2016.1159367	
231	Baek, Yun Hee;Song, Min-Suk;Lee, Eun-Young;Kim, Young-il;Kim, Eun-Ha;Park, Su-Jin;Park, Kuk Jin;Kwon, Hyeok-il;Pascua, Philippe Noriel Q.;Lim, Gyo-Jin;Kim, Semi;Yoon, Sun-Woo;Kim, Myung Hee;Webby, Richard J.;Choi, Young-Ki	2015	Profiling and Characterization of Influenza Virus N1 Strains Potentially Resistant to Multiple Neuraminidase Inhibitors	Journal of Virology	10.1128/jvi.02485-14	
232	Bosch, F. X.;Garten, W.;Klenk, H. D.;Rott, R.	1981	Proteolytic cleavage of influenza virus hemagglutinins: primary structure of the connecting peptide between HA1 and HA2 determines proteolytic cleavability and pathogenicity of avian influenza viruses	Virology	10.1016/0042-6822(81)90201-4	
233	Srinivasan, Karunya;Raman, Rahul;Jayaraman, Akila;Viswanathan, Karthik;Sasisekharan, Ram	2013	Quantitative Description of Glycan-Receptor Binding of Influenza A Virus H7 Hemagglutinin	PLoS ONE	10.1371/journal.pone.0049597	
234	Lauring, Adam S.;Andino, Raul	2010	Quasispecies theory and the behavior of RNA viruses	PLoS Pathogens	10.1371/journal.ppat.1001005	
235	Sleeman, Katrina;Guo, Zhu;Barnes, John;Shaw, Michael;Stevens, James;Gubareva, Larisa V.	2013	R292K substitution and drug susceptibility of influenza A(H7N9) viruses	Emerging Infectious Diseases	10.3201/eid1909.130724	
236	Sang, Xiaoyu;Wang, Airong;Chai, Tongjie;He, Xijun;Ding, Jie;Gao, Xiaolong;Li, Yuanguo;Zhang, Kun;Ren, Zhiguang;Li, Lin;Yu, Zhijun;Wang, Tiecheng;Feng, Na;Zheng, Xuexing;Wang, Hualei;Zhao, Yongkun;Yang, Songtao;Gao, Yuwei;Xia, Xianzhu	2015	Rapid emergence of a PB2-E627K substitution confers a virulent phenotype to an H9N2 avian influenza virus during adaption in mice	Archives of Virology	10.1007/s00705-015-2383-5	
237	De Jong, Rineke Mc;Stockhofe-Zurwieden, Norbert;Verheij, Eline S.;De Boer-Luijtze, Els A.;Ruiter, Saskia Jm;De Leeuw, Olav S.;Cornelissen, Lisette Ahm	2013	Rapid emergence of a virulent PB2 E627K variant during adaptation of highly pathogenic avian influenza H7N7 virus to mice	Virology Journal	10.1186/1743-422X-10-276	
238	Stevens, James;Blixt, Ola;Chen, Li Mei;Donis, Ruben O.;Paulson, James C.;Wilson, Ian A.	2008	Recent Avian H5N1 Viruses Exhibit Increased Propensity for Acquiring Human Receptor Specificity	Journal of Molecular Biology	10.1016/j.jmb.2008.04.016	
239	Mase, Masaji;Tanimura, Nobuhiko;Imada, Tadao;Okamatsu, Masatoshi;Tsukamoto, Kenji;Yamaguchi, Shigeo	2006	Recent H5N1 avian Influenza A virus increases rapidly in virulence to mice after a single passage in mice	Journal of General Virology	10.1099/vir.0.81843-0	
240	Mair, Caroline M.;Ludwig, Kai;Herrmann, Andreas;Sieben, Christian	2014	Receptor binding and pH stability - How influenza A virus hemagglutinin affects host-specific virus infection	Biochimica et Biophysica Acta - Biomembranes	10.1016/j.bbamem.2013.10.004	
241	Connor, Robert J.;Kawaoka, Yoshihiro;Webster, Robert G.;Paulson, James C.	1994	Receptor Specificity in Human, Avian, and Equine H2 and H3 Influenza Virus Isolates	Virology	10.1006/viro.1994.1615	
242	Solorzano, Alicia;Zheng, Hongyong;Fodor, Ervin;Brownlee, George G.;Palese, Peter;García-Sastre, Adolfo	2000	Reduced levels of neuraminidase of influenza A viruses correlate with attenuated phenotypes in mice	Journal of General Virology	10.1099/0022-1317-81-3-737	
243	Wan, Hongquan;Sorrell, Erin M.;Song, Haichen;Hossain, Md Jaber;Ramirez-Nieto, Gloria;Monne, Isabella;Stevens, James;Cattoli, Giovanni;Capua, Ilaria;Chen, Li Mei;Donis, Ruben O.;Busch, Julia;Paulson, James C.;Brockwell, Christy;Webby, Richard;Blanco, Jorge;Al-Natour, Mohammad Q.;Perez, Daniel R.	2008	Replication and transmission of H9N2 influenza viruses in ferrets: Evaluation of pandemic potential	PLoS ONE	10.1371/journal.pone.0002923	
244	Massin, Pascale;van der Werf, Sylvie;Naffakh, Nadia	2001	Residue 627 of PB2 Is a Determinant of Cold Sensitivity in RNA Replication of Avian Influenza Viruses	Journal of Virology	10.1128/jvi.75.11.5398-5404.2001	
245	Zhu, Wenfei;Zou, Xiaohui;Zhou, Jianfang;Tang, Jing;Shu, Yuelong	2015	Residues 41V and/or 210D in the NP protein enhance polymerase activities and potential replication of novel influenza (H7N9) viruses at low temperature Influenza viruses	Virology Journal	10.1186/s12985-015-0304-6	
246	DesRochers, Brittany L.;Chen, Rita E.;Gounder, Anshu P.;Pinto, Amelia K.;Bricker, Traci;Linton, Camille N.;Rogers, Corianne D.;Williams, Graham D.;Webby, Richard J.;Boon, Adrianus C.M.	2016	Residues in the PB2 and PA genes contribute to the pathogenicity of avian H7N3 influenza A virus in DBA/2 mice	Virology	10.1016/j.virol.2016.04.013	
247	Karlsson, Erik A.;Ip, Hon S.;Hall, Jeffrey S.;Yoon, Sun Woo;Johnson, Jordan;Beck, Melinda A.;Webby, Richard J.;Schultz-Cherry, Stacey	2014	Respiratory transmission of an avian H3N8 influenza virus isolated from a harbour seal	Nature Communications	10.1038/ncomms5791	
248	Harvey, Ruth;Martin, Andrew C. R.;Zambon, Maria;Barclay, Wendy S.	2004	Restrictions to the Adaptation of Influenza A Virus H5 Hemagglutinin to the Human Host	Journal of Virology	10.1128/jvi.78.1.502-507.2004	
249	Horimoto, T;Kawaoka, Y	1994	Reverse genetics provides direct evidence for a correlation of hemagglutinin cleavability and virulence of an avian influenza A virus	Journal of Virology	10.1128/jvi.68.5.3120-3128.1994	
250	Bogs, Jessica;Kalthoff, Donata;Veits, Jutta;Pavlova, Sophia;Schwemmle, Martin;Mänz, Benjamin;Mettenleiter, Thomas C.;Stech, Jürgen	2011	Reversion of PB2-627E to -627K during Replication of an H5N1 Clade 2.2 Virus in Mammalian Hosts Depends on the Origin of the Nucleoprotein	Journal of Virology	10.1128/jvi.00786-11	
251	Kim, Jin Hyun;Hatta, Masato;Watanabe, Shinji;Neumann, Gabriele;Watanabe, Tokiko;Kawaoka, Yoshihiro	2010	Role of host-specific amino acids in the pathogenicity of avian H5N1 influenza viruses in mice	Journal of General Virology	10.1099/vir.0.018143-0	
252	Schat, Karel A.;Bingham, John;Butler, Jeff M.;Chen, Li Mei;Lowther, Sue;Crowley, Tamsyn M.;Moore, Robert J.;Donis, Ruben O.;Lowenthal, John W.	2012	Role of position 627 of PB2 and the multibasic cleavage site of the hemagglutinin in the virulence of H5N1 avian influenza virus in chickens and ducks	PLoS ONE	10.1371/journal.pone.0030960	
253	Nilsson, Benjamin E.;te Velthuis, Aartjan J. W.;Fodor, Ervin	2017	Role of the PB2 627 Domain in Influenza A Virus Polymerase Function	Journal of Virology	10.1128/jvi.02467-16	
254	Qiang, Xiaoli;Kou, Zheng	2019	Scoring amino acid mutation to predict pandemic risk of avian influenza virus	BMC Bioinformatics	10.1186/s12859-019-2770-0	
255	Van Riel, Debby;Den Bakker, Michael A.;Leijten, Lonneke M.E.;Chutinimitkul, Salin;Munster, Vincent J.;De Wit, Emmie;Rimmelzwaan, Guus F.;Fouchier, Ron A.M.;Osterhaus, Albert D.M.E.;Kuiken, Thijs	2010	Seasonal and pandemic human influenza viruses attach better to human upper respiratory tract epithelium than avian influenza viruses	American Journal of Pathology	10.2353/ajpath.2010.090949	
256	Kode, Sadhana S.;Pawar, Shailesh D.;Cherian, Sarah S.;Tare, Deeksha S.;Bhoye, Dipali;Keng, Sachin S.;Mullick, Jayati	2019	Selection of avian influenza A (H9N2) virus with reduced susceptibility to neuraminidase inhibitors oseltamivir and zanamivir	Virus Research	10.1016/j.virusres.2019.03.019	
257	Le, Quynh Mai;Sakai-Tagawa, Yuko;Ozawa, Makoto;Ito, Mustumi;Kawaoka, Yoshihiro	2009	Selection of H5N1 Influenza Virus PB2 during Replication in Humans	Journal of Virology	10.1128/jvi.00063-09	
258	Khaperskyy, Denys A.;Schmaling, Summer;Larkins-Ford, Jonah;McCormick, Craig;Gaglia, Marta M.	2016	Selective Degradation of Host RNA Polymerase II Transcripts by Influenza A Virus PA-X Host Shutoff Protein	PLoS Pathogens	10.1371/journal.ppat.1005427	
259	Trapp, Sascha;Soubieux, Denis;Marty, Hélène;Esnault, Evelyne;Hoffmann, Thomas W.;Chandenier, Margaux;Lion, Adrien;Kut, Emmanuel;Quéré, Pascale;Larcher, Thibaut;Ledevin, Mireille;Munier, Sandie;Naffakh, Nadia;Marc, Daniel	2014	Shortening the unstructured, interdomain region of the non-structural protein NS1 of an avian H1N1 influenza virus increases its replication and pathogenicity in chickens	Journal of General Virology	10.1099/vir.0.063776-0	
260	Suzuki, Yasuo;Ito, Toshihiro;Suzuki, Takashi;Holland, Robert E.;Chambers, Thomas M.;Kiso, Makoto;Ishida, Hideharu;Kawaoka, Yoshihiro	2000	Sialic Acid Species as a Determinant of the Host Range of Influenza A Viruses	Journal of Virology	10.1128/jvi.74.24.11825-11831.2000	
261	Rogers, G. N.;Paulson, J. C.;Daniels, R. S.;Skehel, J. J.;Wilson, I. A.;Wiley, D. C.	1983	Single amino acid substitutions in influenza haemagglutinin change receptor binding specificity	Nature	10.1038/304076a0	
262	Krenn, Brigitte M.;Egorov, Andrej;Romanovskaya-Romanko, Ekaterina;Wolschek, Markus;Nakowitsch, Sabine;Ruthsatz, Tanja;Kiefmann, Bettina;Morokutti, Alexander;Humer, Johannes;Geiler, Janina;Cinatl, Jindrich;Michaelis, Martin;Wressnigg, Nina;Sturlan, Sanda;Ferko, Boris;Batishchev, Oleg V.;Indenbom, Andrey V.;Zhu, Rong;Kastner, Markus;Hinterdorfer, Peter;Kiselev, Oleg;Muster, Thomas;Romanova, Julia	2011	Single HA2 mutation increases the infectivity and immunogenicity of a live attenuated H5N1 intranasal influenza vaccine candidate lacking NS1	PLoS ONE	10.1371/journal.pone.0018577	
263	Li, Junwei;Ishaq, Musarat;Prudence, Mabiala;Xi, Xiao;Hu, Tao;Liu, Qingzhen;Guo, Deyin	2009	Single mutation at the amino acid position 627 of PB2 that leads to increased virulence of an H5N1 avian influenza virus during adaptation in mice can be compensated by multiple mutations at other sites of PB2	Virus Research	10.1016/j.virusres.2009.04.008	
264	Pillai, Smitha P.S.;Lee, Chang W.	2010	Species and age related differences in the type and distribution of influenza virus receptors in different tissues of chickens, ducks and turkeys	Virology Journal	10.1186/1743-422X-7-5	
265	Long, Jason S.;Giotis, Efstathios S.;Moncorgé, Olivier;Frise, Rebecca;Mistry, Bhakti;James, Joe;Morisson, Mireille;Iqbal, Munir;Vignal, Alain;Skinner, Michael A.;Barclay, Wendy S.	2016	Species difference in ANP32A underlies influenza A virus polymerase host restriction	Nature	10.1038/nature16474	
266	Soubies, Sébastien M.;Volmer, Christelle;Croville, Guillaume;Loupias, Josianne;Peralta, Brigitte;Costes, Pierrette;Lacroux, Caroline;Guérin, Jean-Luc;Volmer, Romain	2010	Species-Specific Contribution of the Four C-Terminal Amino Acids of Influenza A Virus NS1 Protein to Virulence	Journal of Virology	10.1128/jvi.02427-09	
267	Liu, Yong;Qin, Kun;Meng, Geng;Zhang, Jinfang;Zhou, Jianfang;Zhao, Guangyu;Luo, Ming;Zheng, Xiaofeng	2013	Structural and functional characterization of K339T substitution identified in the PB2 subunit cap-binding pocket of influenza A virus	Journal of Biological Chemistry	10.1074/jbc.M112.392878	
268	Li, Qing;Sun, Xiaoman;Li, Zhixin;Liu, Yue;Vavricka, Christopher J.;Qi, Jianxun;Gao, George F.	2012	Structural and functional characterization of neuraminidase-like molecule N10 derived from bat influenza A virus	Proceedings of the National Academy of Sciences of the United States of America	10.1073/pnas.1211037109	
269	Reich, Stefan;Guilligay, Delphine;Pflug, Alexander;Malet, Helene;Berger, Imre;Crepin, Thibaut;Hart, Darren;Lunardi, Thomas;Nanao, Max;Ruigrok, Rob W.H.;Cusack, Stephen	2014	Structural insight into cap-snatching and RNA synthesis by influenza polymerase	Nature	10.1038/nature14009	
270	Wandzik, Joanna M.;Kouba, Tomas;Cusack, Stephen	2021	Structure and function of influenza polymerase	Cold Spring Harbor Perspectives in Medicine	10.1101/cshperspect.a038372	
271	Lu, Xishan;Qi, Jianxun;Shi, Yi;Wang, Ming;Smith, David F.;Heimburg-Molinaro, Jamie;Zhang, Yanfang;Paulson, James C.;Xiao, Haixia;Gao, George F.	2013	Structure and Receptor Binding Specificity of Hemagglutinin H13 from Avian Influenza A Virus H13N6	Journal of Virology	10.1128/jvi.00235-13	
272	Stevens, James;Blixt, Ola;Tumpey, Terrence M.;Taubenberger, Jeffery K.;Paulson, James C.;Wilson, Ian A.	2006	Structure and receptor specificity of the hemagglutinin from an H5N1 influenza virus	Science	10.1126/science.1124513	
273	Pflug, Alexander;Guilligay, Delphine;Reich, Stefan;Cusack, Stephen	2014	Structure of influenza A polymerase bound to the viral RNA promoter	Nature	10.1038/nature14008	
274	Buranathai, Chantanee;Amonsin, Alongkorn;Chaisigh, Arunee;Theamboonlers, Apiradee;Pariyothorn, Nuananong;Poovorawan, Yong	2007	Surveillance activities and molecular analysis of H5N1 highly pathogenic avian influenza viruses from Thailand, 2004-2005	Avian Diseases	10.1637/7594-040306r.1	
275	Hurt, A. C.;Selleck, P.;Komadina, N.;Shaw, R.;Brown, L.;Barr, I. G.	2007	Susceptibility of highly pathogenic A(H5N1) avian influenza viruses to the neuraminidase inhibitors and adamantanes	Antiviral Research	10.1016/j.antiviral.2006.10.004	
276	Song, Jiasheng;Xu, Jing;Shi, Jianzhong;Li, Yanbing;Chen, Hualan	2015	Synergistic effect of S224P and N383D substitutions in the PA of H5N1 avian influenza virus contributes to mammalian adaptation	Scientific Reports	10.1038/srep10510	
277	Tzarum, Netanel;de Vries, Robert P.;Peng, Wenjie;Thompson, Andrew J.;Bouwman, Kim M.;McBride, Ryan;Yu, Wenli;Zhu, Xueyong;Verheije, Monique H.;Paulson, James C.;Wilson, Ian A.	2017	The 150-Loop Restricts the Host Specificity of Human H10N8 Influenza Virus	Cell Reports	10.1016/j.celrep.2017.03.054	
278	Li, M. L.;Rao, P.;Krug, R. M.	2001	The active sites of the influenza cap-dependent endonuclease are on different polymerase subunits	EMBO Journal	10.1093/emboj/20.8.2078	
279	Kaplan, Bryan S.;Webby, Richard J.	2013	The avian and mammalian host range of highly pathogenic avian H5N1 influenza	Virus Research	10.1016/j.virusres.2013.09.004	
280	Dias, Alexandre;Bouvier, Denis;Crépin, Thibaut;McCarthy, Andrew A.;Hart, Darren J.;Baudin, Florence;Cusack, Stephen;Ruigrok, Rob W.H.	2009	The cap-snatching endonuclease of influenza virus polymerase resides in the PA subunit	Nature	10.1038/nature07745	
281	Gao, Huijie;Sun, Yipeng;Hu, Jiao;Qi, Lu;Wang, Jinliang;Xiong, Xin;Wang, Yu;He, Qiming;Lin, Yang;Kong, Weili;Seng, Lai Giea;Sun, Honglei;Pu, Juan;Chang, Kin Chow;Liu, Xiufan;Liu, Jinhua	2015	The contribution of PA-X to the virulence of pandemic 2009 H1N1 and highly pathogenic H5N1 avian influenza viruses	Scientific Reports	10.1038/srep08262	
282	Zhang, Jinfeng;Su, Rong;Jian, Xiaoyun;An, Hongliang;Jiang, Ronbing;Mok, Chris Ka Pun	2018	The D253N Mutation in the Polymerase Basic 2 Gene in Avian Influenza (H9N2) Virus Contributes to the Pathogenesis of the Virus in Mammalian Hosts	Virologica Sinica	10.1007/s12250-018-0072-8	
283	Long, Jason S.;Howard, Wendy A.;Núñez, Alejandro;Moncorgé, Olivier;Lycett, Samantha;Banks, Jill;Barclay, Wendy S.	2013	The Effect of the PB2 Mutation 627K on Highly Pathogenic H5N1 Avian Influenza Virus Is Dependent on the Virus Lineage	Journal of Virology	10.1128/jvi.01399-13	
284	Imai, Hirotaka;Shinya, Kyoko;Takano, Ryo;Kiso, Maki;Muramoto, Yukiko;Sakabe, Saori;Murakami, Shin;Ito, Mutsumi;Yamada, Shinya;thi Quynh Le, Mai;Nidom, Chairul A.;Sakai-Tagawa, Yuko;Takahashi, Kei;Omori, Yasuyuki;Noda, Takeshi;Shimojima, Masayuki;Kakugawa, Satoshi;Goto, Hideo;Iwatsuki-Horimoto, Kiyoko;Horimoto, Taisuke;Kawaoka, Yoshihiro	2010	The HA and NS genes of human H5N1 influenza a virus contribute to high virulence in ferrets	PLoS Pathogens	10.1371/journal.ppat.1001106	
285	Chen, Benjamin J.;Leser, George P.;Jackson, David;Lamb, Robert A.	2008	The Influenza Virus M2 Protein Cytoplasmic Tail Interacts with the M1 Protein and Influences Virus Assembly at the Site of Virus Budding	Journal of Virology	10.1128/jvi.01184-08	
286	O'Neill, Robert E.;Talon, Julie;Palese, Peter	1998	The influenza virus NEP (NS2 protein) mediates the nuclear export of viral ribonucleoproteins	EMBO Journal	10.1093/emboj/17.1.288	
287	Dudek, Sabine E.;Wixler, Ludmilla;Nordhoff, Carolin;Nordmann, Alexandra;Anhlan, Darisuren;Wixler, Viktor;Ludwig, Stephan	2011	The influenza virus PB1-F2 protein has interferon antagonistic activity	Biological Chemistry	10.1515/BC.2011.174	
288	Stevaert, Annelies;Naesens, Lieve	2016	The Influenza Virus Polymerase Complex: An Update on Its Structure, Functions, and Significance for Antiviral Drug Design	Medicinal Research Reviews	10.1002/med.21401	
289	Reis, Ana Luísa;McCauley, John W.	2013	The Influenza Virus Protein PB1-F2 Interacts with IKKβ and Modulates NF-κB Signalling	PLoS ONE	10.1371/journal.pone.0063852	
290	Byrd-Leotis, Lauren;Cummings, Richard D.;Steinhauer, David A.	2017	The interplay between the host receptor and influenza virus hemagglutinin and neuraminidase	International Journal of Molecular Sciences	10.3390/ijms18071541	
291	Song, Wenjun;Wang, Pui;Mok, Bobo Wing Yee;Lau, Siu Ying;Huang, Xiaofeng;Wu, Wai Lan;Zheng, Min;Wen, Xi;Yang, Shigui;Chen, Yu;Li, Lanjuan;Yuen, Kwok Yung;Chen, Honglin	2014	The K526R substitution in viral protein PB2 enhances the effects of E627K on influenza virus replication	Nature Communications	10.1038/ncomms6509	
292	Schrauwen, Eefje J. A.;Herfst, Sander;Leijten, Lonneke M.;van Run, Peter;Bestebroer, Theo M.;Linster, Martin;Bodewes, Rogier;Kreijtz, Joost H. C. M.;Rimmelzwaan, Guus F.;Osterhaus, Albert D. M. E.;Fouchier, Ron A. M.;Kuiken, Thijs;van Riel, Debby	2012	The Multibasic Cleavage Site in H5N1 Virus Is Critical for Systemic Spread along the Olfactory and Hematogenous Routes in Ferrets	Journal of Virology	10.1128/jvi.06828-11	
293	Suguitan, Amorsolo L.;Matsuoka, Yumiko;Lau, Yuk-Fai;Santos, Celia P.;Vogel, Leatrice;Cheng, Lily I.;Orandle, Marlene;Subbarao, Kanta	2012	The Multibasic Cleavage Site of the Hemagglutinin of Highly Pathogenic A/Vietnam/1203/2004 (H5N1) Avian Influenza Virus Acts as a Virulence Factor in a Host-Specific Manner in Mammals	Journal of Virology	10.1128/jvi.05546-11	
294	Li, Zejun;Jiang, Yongping;Jiao, Peirong;Wang, Aiqin;Zhao, Fengju;Tian, Guobin;Wang, Xijun;Yu, Kangzhen;Bu, Zhigao;Chen, Hualan	2006	The NS1 Gene Contributes to the Virulence of H5N1 Avian Influenza Viruses	Journal of Virology	10.1128/jvi.00993-06	
295	Song, Jiasheng;Feng, Huapeng;Xu, Jing;Zhao, Dongming;Shi, Jianzhong;Li, Yanbing;Deng, Guohua;Jiang, Yongping;Li, Xuyong;Zhu, Pengyang;Guan, Yuntao;Bu, Zhigao;Kawaoka, Yoshihiro;Chen, Hualan	2011	The PA Protein Directly Contributes to the Virulence of H5N1 Avian Influenza Viruses in Domestic Ducks	Journal of Virology	10.1128/jvi.01975-10	
296	Zhang, Hong;Li, Xuyong;Guo, Jing;Li, Li;Chang, Chong;Li, Yuanyuan;Bian, Chao;Xu, Ke;Chen, Hualan;Sun, Bing	2014	The PB2 E627K mutation contributes to the high polymerase activity and enhanced replication of H7N9 influenza virus	Journal of General Virology	10.1099/vir.0.061721-0	
297	Long, Joshua C. D.;Fodor, Ervin	2016	The PB2 Subunit of the Influenza A Virus RNA Polymerase Is Imported into the Mitochondrial Matrix	Journal of Virology	10.1128/jvi.01384-16	
298	Graef, Katy M.;Vreede, Frank T.;Lau, Yuk-Fai;McCall, Amber W.;Carr, Simon M.;Subbarao, Kanta;Fodor, Ervin	2010	The PB2 Subunit of the Influenza Virus RNA Polymerase Affects Virulence by Interacting with the Mitochondrial Antiviral Signaling Protein and Inhibiting Expression of Beta Interferon	Journal of Virology	10.1128/jvi.00879-10	
299	Zaraket, Hassan;Bridges, Olga A.;Russell, Charles J.	2013	The pH of Activation of the Hemagglutinin Protein Regulates H5N1 Influenza Virus Replication and Pathogenesis in Mice	Journal of Virology	10.1128/jvi.03110-12	
300	Song, Min-Suk;Pascua, Philippe Noriel Q.;Lee, Jun Han;Baek, Yun Hee;Lee, Ok-Jun;Kim, Chul-Joong;Kim, Hyunggee;Webby, Richard J.;Webster, Robert G.;Choi, Young Ki	2009	The Polymerase Acidic Protein Gene of Influenza A Virus Contributes to Pathogenicity in a Mouse Model	Journal of Virology	10.1128/jvi.01373-09	
301	Salomon, Rachelle;Franks, John;Govorkova, Elena A.;Ilyushina, Natalia A.;Yen, Hui Ling;Hulse-Post, Diane J.;Humberd, Jennifer;Trichet, Michel;Rehg, Jerold E.;Webby, Richard J.;Webster, Robert G.;Hoffmann, Erich	2006	The polymerase complex genes contribute to the high virulence of the human H5N1 influenza virus isolate A/Vietnam/1203/04	Journal of Experimental Medicine	10.1084/jem.20051938	
302	Zhou, Hongbo;Yu, Zhengjun;Hu, Yong;Tu, Jiagang;Zou, Wei;Peng, Yaping;Zhu, Jiping;Li, Yongtao;Zhang, Anding;Yu, Ziniu;Ye, Zhiping;Chen, Huanchun;Jin, Meilin	2009	The special neuraminidase stalk-motif responsible for increased virulence and pathogenesis of H5N1 influenza A virus	PLoS ONE	10.1371/journal.pone.0006277	
303	Guilligay, Delphine;Tarendeau, Franck;Resa-Infante, Patricia;Coloma, Rocío;Crepin, Thibaut;Sehr, Peter;Lewis, Joe;Ruigrok, Rob W.H.;Ortin, Juan;Hart, Darren J.;Cusack, Stephen	2008	The structural basis for cap binding by influenza virus polymerase subunit PB2	Nature Structural and Molecular Biology	10.1038/nsmb.1421	https://www.nature.com/articles/nsmb.1421
304	Lazniewski, Michal;Dawson, Wayne K.;Szczepińska, Teresa;Plewczynski, Dariusz	2018	The structural variability of the influenza A hemagglutinin receptor-binding site	Briefings in Functional Genomics	10.1093/bfgp/elx042	
305	Gabriel, G.;Dauber, B.;Wolff, T.;Planz, O.;Klenk, H. D.;Stech, J.	2005	The viral polymerase mediates adaptation of an avian influenza virus to a mammalian host	Proceedings of the National Academy of Sciences of the United States of America	10.1073/pnas.0507415102	
306	Spesock, April;Malur, Meghana;Hossain, M. Jaber;Chen, Li-Mei;Njaa, Bradley L.;Davis, Charles T.;Lipatov, Aleksandr S.;York, Ian A.;Krug, Robert M.;Donis, Ruben O.	2011	The Virulence of 1997 H5N1 Influenza Viruses in the Mouse Model Is Increased by Correcting a Defect in Their NS1 Proteins	Journal of Virology	10.1128/jvi.00417-11	
307	Marjuki, Henju;Scholtissek, Christoph;Franks, John;Negovetich, Nicholas J.;Aldridge, Jerry R.;Salomon, Rachelle;Finkelstein, David;Webster, Robert G.	2010	Three amino acid changes in PB1-F2 of highly pathogenic H5N1 avian influenza virus affect pathogenicity in mallard ducks	Archives of Virology	10.1007/s00705-010-0666-4	
308	Li, Jing;Zhang, Kun;Chen, Quanjiao;Zhang, Xiaoshuang;Sun, Yeping;Bi, Yuhai;Zhang, Shuang;Gu, Jinyan;Li, Jiarong;Liu, Di;Liu, Wenjun;Zhou, Jiyong	2018	Three amino acid substitutions in the NS1 protein change the virus replication of H5N1 influenza virus in human cells	Virology	10.1016/j.virol.2018.04.004	
309	de Vries, Robert P.;Peng, Wenjie;Grant, Oliver C.;Thompson, Andrew J.;Zhu, Xueyong;Bouwman, Kim M.;de la Pena, Alba T.Torrents;van Breemen, Marielle J.;Ambepitiya Wickramasinghe, Iresha N.;de Haan, Cornelis A.M.;Yu, Wenli;McBride, Ryan;Sanders, Rogier W.;Woods, Robert J.;Verheije, Monique H.;Wilson, Ian A.;Paulson, James C.	2017	Three mutations switch H7N9 influenza to human-type receptor specificity	PLoS Pathogens	10.1371/journal.ppat.1006390	
310	Steel, John;Lowen, Anice C.;Mubareka, Samira;Palese, Peter	2009	Transmission of influenza virus in a mammalian host is increased by PB2 amino acids 627K or 627E/701N	PLoS Pathogens	10.1371/journal.ppat.1000252	
311	Davidson, Sophia	2018	Treating influenza infection, from now and into the future	Frontiers in Immunology	10.3389/fimmu.2018.01946	
312	Gao, Huijie;Sun, Honglei;Hu, Jiao;Qi, Lu;Wang, Jinliang;Xiong, Xin;Wang, Yu;He, Qiming;Lin, Yang;Kong, Weili;Seng, Lai Giea;Pu, Juan;Chang, Kin Chow;Liu, Xiufan;Liu, Jinhua;Sun, Yipeng	2015	Twenty amino acids at the C-terminus of PA-X are associated with increased influenza A virus replication and pathogenicity	Journal of General Virology	10.1099/vir.0.000143	
313	Fan, Shufang;Deng, Guohua;Song, Jiasheng;Tian, Guobin;Suo, Yongbing;Jiang, Yongping;Guan, Yuntao;Bu, Zhigao;Kawaoka, Yoshihiro;Chen, Hualan	2009	Two amino acid residues in the matrix protein M1 contribute to the virulence difference of H5N1 avian influenza viruses in mice	Virology	10.1016/j.virol.2008.11.044	
314	Fechter, Pierre;Mingay, Louise;Sharps, Jane;Chambers, Anna;Fodor, Ervin;Brownlee, George G.	2003	Two aromatic residues in the PB2 subunit of influenza A RNA polymerase are crucial for cap binding	Journal of Biological Chemistry	10.1074/jbc.M300130200	
315	Burke, Stephen A.;Trock, Susan C.	2018	Use of influenza risk assessment tool for prepandemic preparedness	Emerging Infectious Diseases	10.3201/eid2403.171852	
316	Zielecki, Florian;Semmler, Ilia;Kalthoff, Donata;Voss, Daniel;Mauel, Susanne;Gruber, Achim D.;Beer, Martin;Wolff, Thorsten	2010	Virulence Determinants of Avian H5N1 Influenza A Virus in Mammalian and Avian Hosts: Role of the C-Terminal ESEV Motif in the Viral NS1 Protein	Journal of Virology	10.1128/jvi.00610-10	
317	Long, Jin Xue;Peng, Da Xin;Liu, Yu Liang;Wu, Yan Tao;Liu, Xiu Fan	2008	Virulence of H5N1 avian influenza virus enhanced by a 15-nucleotide deletion in the viral nonstructural gene	Virus Genes	10.1007/s11262-007-0187-8	
318	Yamayoshi, Seiya;Yamada, Shinya;Fukuyama, Satoshi;Murakami, Shin;Zhao, Dongming;Uraki, Ryuta;Watanabe, Tokiko;Tomita, Yuriko;Macken, Catherine;Neumann, Gabriele;Kawaoka, Yoshihiro	2014	Virulence-Affecting Amino Acid Changes in the PA Protein of H7N9 Influenza A Viruses	Journal of Virology	10.1128/jvi.03155-13	
319	Perdue, Michael L.;García, Maricarmen;Senne, Dennis;Fraire, M.	1997	Virulence-associated sequence duplication at the hemagglutinin cleavage site of avian influenza viruses	Virus Research	10.1016/S0168-1702(97)01468-8	
320	Sikkema, Reina S.;Freidl, G. S.;de Bruin, E.;Koopmans, M.	2016	Weighing serological evidence of human exposure to animal influenza viruses − A literature review	Eurosurveillance	10.2807/1560-7917.ES.2016.21.44.30388	
321	Mostafa, Ahmed;Abdelwhab, Elsayed M.;Mettenleiter, Thomas C.;Pleschka, Stephan	2018	Zoonotic potential of influenza A viruses: A comprehensive overview	Viruses	10.3390/v10090497	
322	Guilligay, Delphine;Tarendeau, Franck;Resa-Infante, Patricia;Coloma, Rocío;Crepin, Thibaut;Sehr, Peter;Lewis, Joe;Ruigrok, Rob W.H.;Ortin, Juan;Hart, Darren J.;Cusack, Stephen	2008	The structural basis for cap binding by influenza virus polymerase subunit PB2	Nature Structural & Molecular Biology 2008 15:5	10.1038/nsmb.1421	https://www.nature.com/articles/nsmb.1421
323	Suttie, Annika;Deng, Yi Mo;Greenhill, Andrew R.;Dussart, Philippe;Horwood, Paul F.;Karlsson, Erik A.	2019	Inventory of molecular markers affecting biological characteristics of avian influenza A viruses	Virus Genes	10.1007/s11262-019-01700-z	
324	Imai, Masaki;Watanabe, Tokiko;Hatta, Masato;Das, Subash C.;Ozawa, Makoto;Shinya, Kyoko;Zhong, Gongxun;Hanson, Anthony;Katsura, Hiroaki;Watanabe, Shinji;Li, Chengjun;Kawakami, Eiryo;Yamada, Shinya;Kiso, Maki;Suzuki, Yasuo;Maher, Eileen A.;Neumann, Gabriele;Kawaoka, Yoshihiro	2012	Experimental adaptation of an influenza H5 HA confers respiratory droplet transmission to a reassortant H5 HA/H1N1 virus in ferrets	Nature	10.1038/NATURE10831	https://pubmed.ncbi.nlm.nih.gov/22722205/
